Att8Act,Att8Diff,EngEst,EngAct,EngDiff,MathsEst,MathsAct,MathsDiff,EbaccEst,EbaccDiff,Att8EstSQRT,EbaccActSQRT
2.9,1.21,2.2,3,0.76,1.3,3,1.65,0.7,1.28,1.3038404810405297,1.4142135623730951
6.6,0.74,6,7,1.03,5.9,7,1.13,5.6,-0.08,2.4083189157584592,2.345207879911715
4.8,-0.11,5.3,5.5,0.24,4.8,7,2.15,4.5,-2.51,2.2135943621178655,1.4142135623730951
3.8,0.94,3.4,4,0.63,2.8,3,0.24,1.8,0.9,1.6733200530681511,1.6431676725154984
4.4,0.64,4.2,4,-0.16,3.7,5.5,1.82,2.9,1.09,1.9235384061671346,2
1.1,-0.92,2.6,1.5,-1.11,1.8,0,-1.76,1,-0.64,1.4142135623730951,0.5477225575051661
2.3,-1.62,4.3,2,-2.31,3.8,3,-0.81,3.1,-2.78,1.9748417658131499,0.5477225575051661
2.7,-1.06,4.2,3,-1.16,3.7,3,-0.68,2.9,-2.41,1.9235384061671346,0.7071067811865476
3.4,0.09,3.8,4,0.18,3.3,4,0.7,2.4,-1.39,1.816590212458495,1
3.7,1.13,3.1,5.5,2.39,2.4,3,0.6,1.4,-0.45,1.5811388300841898,1
4,0.08,4.3,5.5,1.19,3.8,4,0.19,3.1,-1.78,1.9748417658131499,1.140175425099138
2,-3.09,5.4,2,-3.37,5,3,-2.04,4.7,-4.03,2.258317958127243,0.8366600265340756
1.6,-0.77,2.9,2,-0.93,2.2,2,-0.2,1.3,-1.27,1.5491933384829668,0
3.1,-1.09,4.6,4,-0.56,4.1,3,-1.09,3.5,-1.65,2.0248456731316584,1.3416407864998738
1.3,-2.46,4.2,1,-3.16,3.7,2,-1.68,2.9,-2.58,1.9235384061671346,0.5477225575051661
2.5,-2.15,5,2,-3.01,4.6,4,-0.57,4.2,-3.49,2.16794833886788,0.8366600265340756
5.5,-0.64,6.2,7,0.77,6.3,5.5,-0.78,6,-0.98,2.4698178070456938,2.23606797749979
3.1,-0.82,4.3,4,-0.31,3.8,3,-0.81,3.1,-1.78,1.9748417658131499,1.140175425099138
4.8,-1.69,6.5,5.5,-1.02,6.7,4,-2.7,6.4,-2.22,2.5495097567963922,2.04939015319192
1.5,-0.63,2.7,1.5,-1.24,1.9,2,0.06,1.1,-0.43,1.4832396974191326,0.8366600265340756
3.9,-1.91,6,5.5,-0.47,5.9,3,-2.87,5.6,-3.25,2.4083189157584592,1.51657508881031
3.5,-0.69,4.6,5.5,0.94,4.1,4,-0.09,3.5,-2.48,2.0248456731316584,1
2.1,-2.88,5.3,4,-1.26,4.8,3,-1.85,4.5,-3.85,2.2135943621178655,0.8366600265340756
2.4,-0.91,3.8,2,-1.82,3.3,4,0.7,2.4,-2.39,1.816590212458495,0
2,-1.19,3.6,3,-0.64,3.1,0,-3.13,2.2,-1.84,1.760681686165901,0.5477225575051661
5.7,0.56,5.4,7,1.63,5,4,-1.04,4.7,0.8,2.258317958127243,2.345207879911715
3.8,-1.71,5.7,4,-1.73,5.5,4,-1.52,5.2,-2.88,2.345207879911715,1.51657508881031
5.2,-1.21,6.5,5.5,-1,6.5,5.5,-1.01,6.3,-2.26,2.5298221281347035,2
2.6,-0.91,4,3,-0.99,3.5,3,-0.49,2.6,-1.97,1.8708286933869707,0.8366600265340756
3.5,-1.15,5,4,-1.01,4.6,4,-0.57,4.2,-2.82,2.16794833886788,1.140175425099138
2.1,0.03,2.6,1,-1.61,1.8,2,0.24,1,0.03,1.4142135623730951,1
2.5,-0.31,3.4,2,-1.37,2.8,3,0.24,1.8,-1.26,1.6733200530681511,0.7071067811865476
2.8,-0.51,3.8,3,-0.82,3.3,4,0.7,2.4,-1.72,1.816590212458495,0.8366600265340756
2.2,-1.51,4.2,3,-1.16,3.7,2,-1.68,2.9,-1.91,1.9235384061671346,1
2.5,-0.21,3.2,2,-1.23,2.6,3,0.42,1.6,-0.59,1.6431676725154984,1
3.2,-0.31,4,5.5,1.51,3.5,3,-0.49,2.6,-1.64,1.8708286933869707,1
2.8,-0.39,3.6,3,-0.64,3.1,3,-0.13,2.2,-1.51,1.760681686165901,0.8366600265340756
3.3,-0.46,4.2,4,-0.16,3.7,3,-0.68,2.9,-2.25,1.9235384061671346,0.8366600265340756
4.2,-0.94,5.4,5.5,0.13,5,4,-1.04,4.7,-2.7,2.258317958127243,1.4142135623730951
2.9,-1.24,4.6,3,-1.56,4.1,4,-0.09,3.5,-2.15,2.0248456731316584,1.140175425099138
5.7,-1.62,7.2,7,-0.21,7.5,5.5,-2.01,7.3,-1.27,2.701851217221259,2.449489742783178
3.9,0.71,3.6,5.5,1.86,3.1,3,-0.13,2.2,-1.51,1.760681686165901,0.8366600265340756
3.7,-0.44,4.6,3,-1.56,4.1,4,-0.09,3.5,-0.81,2.0248456731316584,1.6431676725154984
4.6,-0.33,5.3,5.5,0.24,4.8,4,-0.85,4.5,-1.51,2.2135943621178655,1.7320508075688772
1,-4.51,5.7,0,-5.73,5.5,3,-2.52,5.2,-4.88,2.345207879911715,0.5477225575051661
1.5,-1.02,3.1,2,-1.11,2.4,0,-2.4,1.4,-0.95,1.5811388300841898,0.7071067811865476
6.1,-0.04,6.2,7,0.77,6.3,7,0.72,6,-0.98,2.4698178070456938,2.23606797749979
1.9,-1.61,4,4,0.01,3.5,0,-3.49,2.6,-1.97,1.8708286933869707,0.8366600265340756
4.4,-1.41,6,4,-1.97,5.9,5.5,-0.37,5.6,-3.25,2.4083189157584592,1.51657508881031
4,0.16,4.3,5.5,1.19,3.8,4,0.19,3.1,-1.78,1.9748417658131499,1.140175425099138
6,1.02,5.3,4,-1.26,4.8,7,2.15,4.5,2.49,2.2135943621178655,2.6457513110645907
2.3,-0.51,3.4,4,0.63,2.8,2,-0.76,1.8,-1.1,1.6733200530681511,0.8366600265340756
1.5,-2.01,4,1.5,-2.49,3.5,2,-1.49,2.6,-2.64,1.8708286933869707,0
2.3,-1.41,4.2,3,-1.16,3.7,3,-0.68,2.9,-2.25,1.9235384061671346,0.8366600265340756
7,2.07,5.3,7,1.74,4.8,7,2.15,4.5,2.49,2.2135943621178655,2.6457513110645907
2.3,-0.12,2.9,1.5,-1.43,2.2,3,0.8,1.3,-1.27,1.5491933384829668,0
6.6,0.06,6.5,5.5,-1.02,6.7,7,0.3,6.4,0.61,2.5495097567963922,2.6457513110645907
4.7,0.83,4.3,5.5,1.19,3.8,4,0.19,3.1,-0.78,1.9748417658131499,1.51657508881031
1.6,0.09,2,2,0.01,1.1,0,-1.05,0.7,-0.68,1.224744871391589,0
2,-0.57,3.1,2,-1.11,2.4,3,0.6,1.4,-1.45,1.5811388300841898,0
4.6,-1.81,6.5,4,-2.5,6.5,5.5,-1.01,6.3,-1.76,2.5298221281347035,2.1213203435596424
4,-0.14,4.6,3,-1.56,4.1,7,2.91,3.5,-0.81,2.0248456731316584,1.6431676725154984
4.5,-0.41,5.3,5.5,0.24,4.8,4,-0.85,4.5,-0.51,2.2135943621178655,2
2.8,-2.18,5.3,3,-2.26,4.8,4,-0.85,4.5,-4.01,2.2135943621178655,0.7071067811865476
4.7,0.56,4.6,5.5,0.94,4.1,4,-0.09,3.5,-0.15,2.0248456731316584,1.816590212458495
3.4,-0.52,4.3,4,-0.31,3.8,3,-0.81,3.1,-1.11,1.9748417658131499,1.4142135623730951
4.1,0.91,3.6,3,-0.64,3.1,4,0.87,2.2,1.16,1.760681686165901,1.816590212458495
3.3,-1.15,4.8,4,-0.8,4.3,3,-1.3,3.8,-3.16,2.0976176963403033,0.8366600265340756
1.3,-2.43,4.2,2,-2.16,3.7,0,-3.68,2.9,-2.25,1.9235384061671346,0.8366600265340756
2.8,-1.07,4.3,3,-1.31,3.8,3,-0.81,3.1,-1.11,1.9748417658131499,1.4142135623730951
2.2,-0.61,3.4,2,-1.37,2.8,3,0.24,1.8,-1.43,1.6733200530681511,0.5477225575051661
3.9,0.71,3.6,4,0.36,3.1,4,0.87,2.2,-0.18,1.760681686165901,1.4142135623730951
2.3,-0.89,3.6,2,-1.64,3.1,3,-0.13,2.2,-1.01,1.760681686165901,1.0954451150103321
4.6,0.41,4.6,5.5,0.94,4.1,4,-0.09,3.5,-0.65,2.0248456731316584,1.6733200530681511
4.5,0.31,4.6,4,-0.56,4.1,4,-0.09,3.5,-0.48,2.0248456731316584,1.7320508075688772
4.9,0.45,4.8,5.5,0.7,4.3,5.5,1.2,3.8,-1.49,2.0976176963403033,1.51657508881031
4.2,-0.78,5.3,4,-1.26,4.8,7,2.15,4.5,-1.85,2.2135943621178655,1.6431676725154984
5.8,2.29,4,5.5,1.51,3.5,5.5,2.01,2.6,2.36,1.8708286933869707,2.23606797749979
0.8,-0.71,2,1.5,-0.49,1.1,0,-1.05,0.7,-0.68,1.224744871391589,0
6.9,2.2,5,7,1.99,4.6,7,2.43,4.2,1.85,2.16794833886788,2.449489742783178
5.8,-0.69,6.5,7,0.48,6.7,5.5,-1.2,6.4,-1.89,2.5495097567963922,2.1213203435596424
4.4,0.21,4.6,5.5,0.94,4.1,3,-1.09,3.5,-0.15,2.0248456731316584,1.816590212458495
2.3,-0.09,2.9,2,-0.93,2.2,3,0.8,1.3,-1.27,1.5491933384829668,0
2.8,0.38,2.9,3,0.07,2.2,3,0.8,1.3,-0.61,1.5491933384829668,0.8366600265340756
0.4,-1.86,2.8,1,-1.82,2,0,-2.02,1.2,-1.16,1.4832396974191326,0
2.5,-1.26,4.2,2,-2.16,3.7,4,0.32,2.9,-2.25,1.9235384061671346,0.8366600265340756
3,0.02,3.5,4,0.54,2.9,4,1.13,1.9,-1.91,1.70293863659264,0
3.5,0.52,3.5,2,-1.46,2.9,4,1.13,1.9,0.59,1.70293863659264,1.5811388300841898
4.1,1.17,3.5,4,0.54,2.9,4,1.13,1.9,0.43,1.70293863659264,1.51657508881031
3.6,-0.16,4.2,4,-0.16,3.7,4,0.32,2.9,-0.91,1.9235384061671346,1.4142135623730951
3.8,-1.76,5.7,3,-2.73,5.5,5.5,-0.02,5.2,-2.55,2.345207879911715,1.6431676725154984
1.8,-0.22,2.6,2,-0.61,1.8,2,0.24,1,-0.97,1.4142135623730951,0
3.2,-0.72,4.3,3,-1.31,3.8,3,-0.81,3.1,-2.11,1.9748417658131499,1
4.9,-2.42,7.2,7,-0.21,7.5,3,-4.51,7.3,-4.27,2.701851217221259,1.7320508075688772
3.6,0.41,3.6,4,0.36,3.1,4,0.87,2.2,-0.18,1.760681686165901,1.4142135623730951
4.7,-1.79,6.5,4,-2.52,6.7,5.5,-1.2,6.4,-4.05,2.5495097567963922,1.51657508881031
5.7,0.61,5.4,5.5,0.13,5,8.5,3.46,4.7,-1.03,2.258317958127243,1.9235384061671346
2.2,-0.04,2.8,2,-0.82,2,3,0.98,1.2,-1.16,1.4832396974191326,0
0,-2.81,3.4,0,-3.37,2.8,0,-2.76,1.8,-1.76,1.6733200530681511,0
4.5,-0.64,5.4,7,1.63,5,4,-1.04,4.7,-2.7,2.258317958127243,1.4142135623730951
3.2,-0.31,4,5.5,1.51,3.5,3,-0.49,2.6,-2.64,1.8708286933869707,0
3,-1.19,4.6,4,-0.56,4.1,4,-0.09,3.5,-2.98,2.0248456731316584,0.7071067811865476
3,0.48,3.1,2,-1.11,2.4,4,1.6,1.4,-0.45,1.5811388300841898,1
1.9,-0.47,2.9,2,-0.93,2.2,2,-0.2,1.3,-1.27,1.5491933384829668,0
0.9,-0.63,2,1,-0.99,1.1,0,-1.05,0.7,-0.68,1.224744871391589,0
3.4,0.56,3.4,4,0.63,2.8,2,-0.76,1.8,0.24,1.6733200530681511,1.4142135623730951
4,-0.4,4.8,5.5,0.7,4.3,4,-0.3,3.8,-1.83,2.0976176963403033,1.4142135623730951
2.4,-2.53,5.3,3,-2.26,4.8,3,-1.85,4.5,-3.51,2.2135943621178655,1
4.2,1.06,3.6,4,0.36,3.1,5.5,2.37,2.2,0.49,1.760681686165901,1.6431676725154984
1.4,-0.14,2.1,1.5,-0.61,1.1,2,0.88,0.7,-0.66,1.2649110640673518,0
5,0.3,5,4,-1.01,4.6,7,2.43,4.2,-0.49,2.16794833886788,1.9235384061671346
4.5,-1.01,5.7,4,-1.73,5.5,7,1.48,5.2,-2.55,2.345207879911715,1.6431676725154984
1.8,-0.08,2.5,1.5,-1,1.6,2,0.43,0.9,-0.52,1.378404875209022,0.5477225575051661
3.7,0.99,3.2,4,0.77,2.6,3,0.42,1.6,-0.09,1.6431676725154984,1.224744871391589
3.2,-0.99,4.6,4,-0.56,4.1,3,-1.09,3.5,-1.81,2.0248456731316584,1.3038404810405297
5.8,-0.61,6.5,7,0.5,6.5,5.5,-1.01,6.3,-1.26,2.5298221281347035,2.23606797749979
5.2,0.22,5.3,8.5,3.24,4.8,3,-1.85,4.5,-1.51,2.2135943621178655,1.7320508075688772
5.7,-0.16,6,5.5,-0.47,5.9,4,-1.87,5.6,-0.08,2.4083189157584592,2.345207879911715
2.3,-1.21,4,2,-1.99,3.5,3,-0.49,2.6,-1.97,1.8708286933869707,0.8366600265340756
4.9,-0.19,5.4,5.5,0.13,5,4,-1.04,4.7,-0.2,2.258317958127243,2.1213203435596424
4.6,0.68,4.3,7,2.69,3.8,4,0.19,3.1,-0.78,1.9748417658131499,1.51657508881031
3.7,-0.7,4.8,4,-0.8,4.3,4,-0.3,3.8,-1.83,2.0976176963403033,1.4142135623730951
4.1,-0.09,4.6,5.5,0.94,4.1,3,-1.09,3.5,-1.15,2.0248456731316584,1.51657508881031
4.5,0.36,4.6,4,-0.56,4.1,5.5,1.41,3.5,0.19,2.0248456731316584,1.9235384061671346
0.8,-0.77,2.1,1.5,-0.61,1.1,0,-1.12,0.7,-0.66,1.2649110640673518,0
3.5,-1.64,5.4,4,-1.37,5,4,-1.04,4.7,-2.7,2.258317958127243,1.4142135623730951
3.5,-0.95,4.8,3,-1.8,4.3,4,-0.3,3.8,-2.49,2.0976176963403033,1.140175425099138
1.7,-1.26,3.5,2,-1.46,2.9,3,0.13,1.9,-1.91,1.70293863659264,0
5,-1.19,6.2,5.5,-0.73,6.3,5.5,-0.78,6,-2.82,2.4698178070456938,1.7888543819998317
3.5,0.57,3.5,4,0.54,2.9,3,0.13,1.9,-0.91,1.70293863659264,1
4.9,-0.19,5.4,4,-1.37,5,7,1.96,4.7,-0.2,2.258317958127243,2.1213203435596424
2.5,-1.69,4.6,2,-2.56,4.1,4,-0.09,3.5,-3.48,2.0248456731316584,0
2.9,-0.66,4,3,-0.99,3.5,3,-0.49,2.6,-1.14,1.8708286933869707,1.224744871391589
1,-0.53,2,1,-0.99,1.1,0,-1.05,0.7,-0.68,1.224744871391589,0
5.6,0.95,5,3,-2.01,4.6,7,2.43,4.2,0.85,2.16794833886788,2.23606797749979
4,-0.98,5.3,3,-2.26,4.8,4,-0.85,4.5,-1.51,2.2135943621178655,1.7320508075688772
4.9,1.97,3.5,5.5,2.04,2.9,4,1.13,1.9,2.59,1.70293863659264,2.1213203435596424
1.2,-1.22,2.9,1.5,-1.43,2.2,2,-0.2,1.3,-1.27,1.5491933384829668,0
4.9,-0.08,5.3,5.5,0.24,4.8,7,2.15,4.5,-3.18,2.2135943621178655,1.140175425099138
4.3,-0.84,5.4,4,-1.37,5,4,-1.04,4.7,-2.37,2.258317958127243,1.51657508881031
4.6,1.24,3.8,5.5,1.68,3.3,4,0.7,2.4,0.45,1.816590212458495,1.6733200530681511
2.3,-0.22,3.1,2,-1.11,2.4,3,0.6,1.4,-0.45,1.5811388300841898,1
4.1,-1.76,6,4,-1.97,5.9,4,-1.87,5.6,-2.92,2.4083189157584592,1.6431676725154984
4,-2.14,6.2,5.5,-0.73,6.3,4,-2.28,6,-3.98,2.4698178070456938,1.4142135623730951
2.6,-0.06,3.2,3,-0.23,2.6,3,0.42,1.6,-0.59,1.6431676725154984,1
3,0.19,3.4,3,-0.37,2.8,3,0.24,1.8,-0.76,1.6733200530681511,1
4.8,1.04,4.2,4,-0.16,3.7,5.5,1.82,2.9,1.59,1.9235384061671346,2.1213203435596424
2.7,-0.01,3.2,3,-0.23,2.6,3,0.42,1.6,-0.09,1.6431676725154984,1.224744871391589
3.3,-0.62,4.3,2,-2.31,3.8,4,0.19,3.1,-0.45,1.9748417658131499,1.6431676725154984
5.1,0.65,4.8,4,-0.8,4.3,4,-0.3,3.8,0.67,2.0976176963403033,2.1213203435596424
3.1,0.58,3.1,3,-0.11,2.4,3,0.6,1.4,0.22,1.5811388300841898,1.3038404810405297
3.4,-0.79,4.6,5.5,0.94,4.1,3,-1.09,3.5,-2.98,2.0248456731316584,0.7071067811865476
2.2,-1.11,3.8,3,-0.82,3.3,2,-1.3,2.4,-2.05,1.816590212458495,0.5477225575051661
3.7,0.77,3.5,4,0.54,2.9,4,1.13,1.9,-1.91,1.70293863659264,0
3.2,0.06,3.6,3,-0.64,3.1,4,0.87,2.2,0.16,1.760681686165901,1.51657508881031
4.8,-0.71,5.7,4,-1.73,5.5,4,-1.52,5.2,-1.55,2.345207879911715,1.9235384061671346
4.7,0.51,4.6,4,-0.56,4.1,7,2.91,3.5,-0.31,2.0248456731316584,1.7888543819998317
5,-0.56,5.7,5.5,-0.23,5.5,5.5,-0.02,5.2,-1.55,2.345207879911715,1.9235384061671346
2,-1.14,3.6,3,-0.64,3.1,3,-0.13,2.2,-2.18,1.760681686165901,0
3.1,-0.66,4.2,4,-0.16,3.7,3,-0.68,2.9,-1.58,1.9235384061671346,1.140175425099138
1.8,-1.13,3.5,3,-0.46,2.9,0,-2.87,1.9,-1.57,1.70293863659264,0.5477225575051661
0.7,-0.86,2,1,-0.99,1.1,0,-1.05,0.7,-0.68,1.224744871391589,0
4,-0.98,5.3,4,-1.26,4.8,3,-1.85,4.5,-2.51,2.2135943621178655,1.4142135623730951
5.3,-0.56,6,4,-1.97,5.9,7,1.13,5.6,-2.42,2.4083189157584592,1.7888543819998317
4.2,0.28,4.3,5.5,1.19,3.8,4,0.19,3.1,-1.11,1.9748417658131499,1.4142135623730951
2.4,-1.31,4.2,3,-1.16,3.7,3,-0.68,2.9,-2.91,1.9235384061671346,0
1.9,-1.41,3.8,2,-1.82,3.3,3,-0.3,2.4,-1.72,1.816590212458495,0.8366600265340756
0.8,-1.49,2.8,1.5,-1.32,2,0,-2.02,1.2,-1.16,1.4832396974191326,0
2.4,-2,4.8,1.5,-3.3,4.3,3,-1.3,3.8,-2.83,2.0976176963403033,1
0.5,-1.03,2,1,-0.99,1.1,0,-1.05,0.7,-0.68,1.224744871391589,0
3.2,0.01,3.6,3,-0.64,3.1,3,-0.13,2.2,-1.18,1.760681686165901,1
3.7,-0.17,4.3,4,-0.31,3.8,4,0.19,3.1,-1.11,1.9748417658131499,1.4142135623730951
5,0.35,5,5.5,0.49,4.6,5.5,0.93,4.2,-0.82,2.16794833886788,1.816590212458495
2.2,-0.46,3.2,3,-0.23,2.6,2,-0.58,1.6,-1.59,1.6431676725154984,0
2.2,-1.36,4,2,-1.99,3.5,2,-1.49,2.6,-1.97,1.8708286933869707,0.8366600265340756
2.6,-0.11,3.2,3,-0.23,2.6,3,0.42,1.6,-1.59,1.6431676725154984,0
4,-0.4,4.8,5.5,0.7,4.3,3,-1.3,3.8,-1.16,2.0976176963403033,1.6431676725154984
3.1,-1.35,4.8,3,-1.8,4.3,4,-0.3,3.8,-2.83,2.0976176963403033,1
6.9,0.71,6.2,7,0.77,6.3,8.5,2.22,6,0.02,2.4698178070456938,2.449489742783178
3.8,-0.85,5,3,-2.01,4.6,3,-1.57,4.2,-0.49,2.16794833886788,1.9235384061671346
4.6,1.95,3.1,5.5,2.43,2.2,4,1.77,1.9,1.45,1.61245154965971,1.816590212458495
3.7,0.03,4,3,-1.03,3.5,3,-0.47,3.1,0.59,1.9235384061671346,1.9235384061671346
5.2,2.85,2.8,7,4.19,2,4,2.05,1.6,1.36,1.51657508881031,1.7320508075688772
2.3,-1.07,3.7,2,-1.7,3.1,3,-0.1,2.7,-1.49,1.816590212458495,1.0954451150103321
3.1,-0.95,4.4,3,-1.37,3.9,4,0.12,3.5,-1.19,2,1.51657508881031
5.5,0.43,5.3,7,1.73,4.9,4,-0.89,4.7,-1.34,2.23606797749979,1.816590212458495
3.7,-0.82,4.8,5.5,0.69,4.3,3,-1.35,4.1,-0.74,2.1213203435596424,1.816590212458495
4.4,-0.62,5.3,5.5,0.23,4.9,4,-0.89,4.7,-1.34,2.23606797749979,1.816590212458495
3.9,-0.67,4.8,5.5,0.69,4.3,3,-1.35,4.1,-1.91,2.1213203435596424,1.4832396974191326
2.9,0.71,2.6,3,0.41,1.7,4,2.33,1.4,0.73,1.449137674618944,1.4832396974191326
7.2,0.3,6.8,8.5,1.65,7,7,-0.02,6.8,0.21,2.6076809620810595,2.6457513110645907
2.9,-1.17,4.4,7,2.63,3.9,2,-1.88,3.5,-2.52,2,1
5.8,-0.06,6,7,1.02,5.9,5.5,-0.4,5.7,-0.16,2.4289915602982237,2.345207879911715
4.5,-0.07,4.8,5.5,0.69,4.3,4,-0.35,4.1,-0.07,2.1213203435596424,2
3.8,-2.42,6.2,4,-2.22,6.3,3,-3.29,6,-2.34,2.4899799195977463,1.9235384061671346
2.7,0.65,2.5,4,1.49,1.6,2,0.44,1.4,-0.86,1.4142135623730951,0.7071067811865476
4.6,-0.22,5,5.5,0.45,4.6,4,-0.6,4.4,-1.04,2.1908902300206643,1.816590212458495
3.2,0.69,2.9,3,0.09,2.1,3,0.91,1.8,0.08,1.5811388300841898,1.3416407864998738
3.9,-1.96,6,5.5,-0.48,5.9,4,-1.9,5.7,-2.66,2.4289915602982237,1.7320508075688772
3.2,-3.31,6.5,4,-2.53,6.7,3,-3.67,6.4,-4.4,2.5495097567963922,1.4142135623730951
7.3,1.73,5.7,7,1.26,5.5,8.5,2.96,5.3,1.68,2.3664319132398464,2.6457513110645907
4.5,-1.12,5.7,5.5,-0.24,5.5,4,-1.54,5.3,-2.32,2.3664319132398464,1.7320508075688772
2.5,-2.02,4.8,4,-0.81,4.3,4,-0.35,4.1,-2.24,2.1213203435596424,1.3416407864998738
3.7,-1.92,5.7,5.5,-0.24,5.5,4,-1.54,5.3,-3.82,2.3664319132398464,1.224744871391589
3.2,-1.37,4.8,4,-0.81,4.3,3,-1.35,4.1,-3.41,2.1213203435596424,0.8366600265340756
3.8,-0.06,4.2,4,-0.19,3.7,4,0.32,3.3,-0.98,1.9748417658131499,1.51657508881031
4.8,-1.06,6,5.5,-0.48,5.9,4,-1.9,5.7,-1.49,2.4289915602982237,2.04939015319192
4.5,-0.32,5,4,-1.05,4.6,4,-0.6,4.4,0.79,2.1908902300206643,2.280350850198276
3,-0.49,3.9,3,-0.86,3.3,3,-0.28,2.9,-1.2,1.8708286933869707,1.3038404810405297
3.7,0.53,3.6,4,0.43,2.9,4,1.08,2.5,-1,1.7888543819998317,1.224744871391589
0,-4.77,5,0,-5.05,4.6,0,-4.6,4.4,-4.37,2.1908902300206643,0
1,-2.32,3.7,2,-1.7,3.1,0,-3.1,2.7,-1.66,1.816590212458495,1
3.1,-0.27,3.7,4,0.3,3.1,3,-0.1,2.7,-0.83,1.816590212458495,1.3416407864998738
0.8,-1.66,2.9,2,-0.91,2.1,0,-2.09,1.8,-1.42,1.5811388300841898,0.5477225575051661
2.7,-0.52,3.6,3,-0.57,2.9,3,0.08,2.5,-1.34,1.7888543819998317,1.0954451150103321
2.7,-0.62,3.7,3,-0.7,3.1,4,0.9,2.7,-1.33,1.816590212458495,1.140175425099138
3.8,-0.25,4.4,5.5,1.13,3.9,3,-0.88,3.5,-1.52,2,1.4142135623730951
5.2,1.66,3.9,7,3.14,3.3,5.5,2.22,2.9,0.47,1.8708286933869707,1.816590212458495
4.3,-0.04,4.6,5.5,0.91,4.1,4,-0.11,3.8,-0.14,2.073644135332772,1.9235384061671346
4.2,0.34,4.2,3,-1.19,3.7,7,3.32,3.3,0.69,1.9748417658131499,2
3.5,-2.41,6,3,-2.98,5.9,4,-1.9,5.7,-3.16,2.4289915602982237,1.5811388300841898
3.4,-2.77,6.2,4,-2.22,6.3,5.5,-0.79,6,-3.34,2.4899799195977463,1.6431676725154984
4.3,-1.02,5.5,5.5,0.03,5.2,4,-1.2,5,-2.12,2.3021728866442674,1.6733200530681511
0.5,-2.99,3.9,2,-1.86,3.3,0,-3.28,2.9,-2.86,1.8708286933869707,0
5.5,0.98,4.8,4,-0.81,4.3,5.5,1.15,4.1,0.43,2.1213203435596424,2.1213203435596424
3.8,-0.11,4.2,5.5,1.31,3.7,4,0.32,3.3,-1.64,1.9748417658131499,1.3038404810405297
1.8,-1.37,3.6,3,-0.57,2.9,0,-2.92,2.5,-1.84,1.7888543819998317,0.8366600265340756
4.4,0.35,4.4,5.5,1.13,3.9,3,-0.88,3.5,0.48,2,2
4.7,-0.87,5.7,5.5,-0.24,5.5,4,-1.54,5.3,-1.99,2.3664319132398464,1.816590212458495
2.7,-0.47,3.6,3,-0.57,2.9,4,1.08,2.5,-0.5,1.7888543819998317,1.4142135623730951
1.2,-1.05,2.7,3,0.25,1.8,0,-1.83,1.6,-1.24,1.51657508881031,0.5477225575051661
2.9,-0.82,4,4,-0.03,3.5,3,-0.47,3.1,-1.58,1.9235384061671346,1.224744871391589
4.5,-0.77,5.5,4,-1.47,5.2,5.5,0.3,5,-0.46,2.3021728866442674,2.1213203435596424
4.7,0.6,4.4,5.5,1.13,3.9,4,0.12,3.5,0.98,2,2.1213203435596424
1.6,-0.5,2.5,2,-0.51,1.6,0,-1.56,1.4,-0.19,1.4142135623730951,1.0954451150103321
4.1,0.56,3.9,7,3.14,3.3,3,-0.28,2.9,-1.03,1.8708286933869707,1.3416407864998738
6,-0.22,6.2,7,0.78,6.3,5.5,-0.79,6,-0.51,2.4899799195977463,2.345207879911715
1.6,-0.06,2.1,3,0.92,1.1,0,-1.1,1.1,-0.39,1.3038404810405297,0.8366600265340756
4,0.14,4.2,4,-0.19,3.7,3,-0.68,3.3,0.69,1.9748417658131499,2
4.5,-0.57,5.3,4,-1.27,4.9,5.5,0.61,4.7,-0.68,2.23606797749979,2
4.2,0.29,4.2,4,-0.19,3.7,4,0.32,3.3,0.69,1.9748417658131499,2
3.8,1.02,3.2,4,0.81,2.4,3,0.63,2,0.33,1.6431676725154984,1.51657508881031
3.8,-0.25,4.4,4,-0.37,3.9,4,0.12,3.5,-0.69,2,1.6733200530681511
2,-2.57,4.8,1.5,-3.31,4.3,3,-1.35,4.1,-2.74,2.1213203435596424,1.140175425099138
7,1.43,5.7,8.5,2.76,5.5,7,1.46,5.3,1.18,2.3664319132398464,2.5495097567963922
3.8,-1.52,5.5,4,-1.47,5.2,4,-1.2,5,-2.29,2.3021728866442674,1.6431676725154984
4.2,-1.97,6.2,5.5,-0.72,6.3,4,-2.29,6,-3.34,2.4899799195977463,1.6431676725154984
3.1,-0.57,4,4,-0.03,3.5,3,-0.47,3.1,-0.41,1.9235384061671346,1.6431676725154984
2.7,-1.64,4.6,2,-2.59,4.1,3,-1.11,3.8,-2.14,2.073644135332772,1.3038404810405297
2.5,-1.41,4.2,3,-1.19,3.7,3,-0.68,3.3,-2.14,1.9748417658131499,1.0954451150103321
5.1,0.58,4.8,5.5,0.69,4.3,5.5,1.15,4.1,0.09,2.1213203435596424,2.04939015319192
2.6,-0.02,3.1,5.5,2.43,2.2,2,-0.23,1.9,-0.39,1.61245154965971,1.224744871391589
3.3,-0.24,3.9,4,0.14,3.3,3,-0.28,2.9,-0.86,1.8708286933869707,1.4142135623730951
3.7,-2.47,6.2,5.5,-0.72,6.3,4,-2.29,6,-4.01,2.4899799195977463,1.4142135623730951
3.1,0.01,3.5,3,-0.46,2.7,3,0.25,2.3,-0.68,1.7320508075688772,1.3038404810405297
5.8,0.78,5.3,7,1.73,4.9,4,-0.89,4.7,0.32,2.23606797749979,2.23606797749979
5.4,-0.82,6.2,4,-2.22,6.3,7,0.71,6,-1.01,2.4899799195977463,2.23606797749979
4.1,-0.42,4.8,4,-0.81,4.3,4,-0.35,4.1,-1.24,2.1213203435596424,1.6733200530681511
2.8,-2.02,5,3,-2.05,4.6,3,-1.6,4.4,-1.87,2.1908902300206643,1.5811388300841898
5.7,1.36,4.6,4,-0.59,4.1,8.5,4.39,3.8,2.69,2.073644135332772,2.5495097567963922
5.5,1.83,4,5.5,1.47,3.5,7,3.53,3.1,1.42,1.9235384061671346,2.1213203435596424
6.3,0.68,5.7,5.5,-0.24,5.5,5.5,-0.04,5.3,1.68,2.3664319132398464,2.6457513110645907
7.5,2.43,5.3,5.5,0.23,4.9,8.5,3.61,4.7,3.82,2.23606797749979,2.9154759474226504
1.5,-0.69,2.6,3,0.41,1.7,0,-1.67,1.4,-1.11,1.449137674618944,0.5477225575051661
2.4,-0.51,3.3,3,-0.3,2.6,3,0.44,2.2,-1.66,1.70293863659264,0.7071067811865476
5.4,0.33,5.3,5.5,0.23,4.9,5.5,0.61,4.7,1.32,2.23606797749979,2.449489742783178
5.7,2.33,3.7,5.5,1.8,3.1,4,0.9,2.7,4.34,1.816590212458495,2.6457513110645907
3.9,-1.17,5.3,5.5,0.23,4.9,4,-0.89,4.7,-2.84,2.23606797749979,1.3416407864998738
0.6,-1.04,2.1,1.5,-0.58,1.1,0,-1.1,1.1,-1.06,1.3038404810405297,0
2.3,-0.87,3.6,3,-0.57,2.9,3,0.08,2.5,-1.5,1.7888543819998317,1
2.6,-1.45,4.4,4,-0.37,3.9,3,-0.88,3.5,-2.02,2,1.224744871391589
4.6,0.03,4.8,5.5,0.69,4.3,4,-0.35,4.1,-0.74,2.1213203435596424,1.816590212458495
3.9,0.73,3.6,5.5,1.93,2.9,3,0.08,2.5,-0.17,1.7888543819998317,1.51657508881031
4.6,0.26,4.6,7,2.41,4.1,4,-0.11,3.8,-0.48,2.073644135332772,1.816590212458495
2.5,-1.17,4,2,-2.03,3.5,3,-0.47,3.1,-0.91,1.9235384061671346,1.4832396974191326
3.5,-0.84,4.6,5.5,0.91,4.1,3,-1.11,3.8,-2.14,2.073644135332772,1.3038404810405297
6.4,1.13,5.5,5.5,0.03,5.2,5.5,0.3,5,2.04,2.3021728866442674,2.6457513110645907
4,0.28,4,4,-0.03,3.5,4,0.53,3.1,-0.75,1.9235384061671346,1.51657508881031
2.7,-1.35,4.4,4,-0.37,3.9,3,-0.88,3.5,-1.52,2,1.4142135623730951
6.7,2.18,4.8,7,2.19,4.3,7,2.65,4.1,2.93,2.1213203435596424,2.6457513110645907
7.2,-0.44,7.5,7,-0.54,7.8,8.5,0.75,7.6,-0.09,2.756809750418044,2.7386127875258306
1.7,-2.59,4.6,3,-1.59,4.1,3,-1.11,3.8,-3.48,2.073644135332772,0.5477225575051661
2.2,-2.14,4.6,3,-1.59,4.1,2,-2.11,3.8,-2.64,2.073644135332772,1.0954451150103321
1,-2.09,3.5,2,-1.46,2.7,0,-2.75,2.3,-1.85,1.7320508075688772,0.7071067811865476
2.4,-2.37,5,3,-2.05,4.6,3,-1.6,4.4,-3.04,2.1908902300206643,1.140175425099138
5.5,0.73,5,5.5,0.45,4.6,5.5,0.9,4.4,1.13,2.1908902300206643,2.345207879911715
2.5,-2.52,5.3,3,-2.27,4.9,3,-1.89,4.7,-3.01,2.23606797749979,1.3038404810405297
3.6,-0.92,4.8,4,-0.81,4.3,3,-1.35,4.1,-1.74,2.1213203435596424,1.51657508881031
6.3,-0.26,6.5,5.5,-1.03,6.7,7,0.33,6.4,-0.4,2.5495097567963922,2.449489742783178
3.6,-0.45,4.4,4,-0.37,3.9,3,-0.88,3.5,-0.85,2,1.6431676725154984
2.8,-1.04,4.2,3,-1.19,3.7,5.5,1.82,3.3,-1.81,1.9748417658131499,1.224744871391589
5.7,2.16,3.9,5.5,1.64,3.3,5.5,2.22,2.9,2.14,1.8708286933869707,2.23606797749979
0,-3.86,4.2,0,-4.19,3.7,0,-3.68,3.3,-3.31,1.9748417658131499,0
3.3,-0.24,3.9,4,0.14,3.3,3,-0.28,2.9,-1.2,1.8708286933869707,1.3038404810405297
0.4,-2.64,3.5,1.5,-1.96,2.7,0,-2.75,2.3,-2.35,1.7320508075688772,0
2,0.03,2.4,3,0.59,1.5,1,-0.47,1.3,-0.16,1.4142135623730951,1.0954451150103321
2.9,-0.77,4,4,-0.03,3.5,4,0.53,3.1,-1.75,1.9235384061671346,1.140175425099138
3,-1.1,4.4,7,2.63,3.9,0,-3.88,3.5,-2.02,2,1.224744871391589
2.8,-0.37,3.6,3,-0.57,2.9,2,-0.92,2.5,0.16,1.7888543819998317,1.6431676725154984
3.6,0.06,3.9,4,0.14,3.3,3,-0.28,2.9,-0.2,1.8708286933869707,1.6431676725154984
1.5,-1.36,3.3,3,-0.3,2.6,2,-0.56,2.2,-1.16,1.70293863659264,1
3.1,-1.19,4.6,5.5,0.91,4.1,3,-1.11,3.8,-2.81,2.073644135332772,1
3.7,-1.87,5.7,5.5,-0.24,5.5,4,-1.54,5.3,-3.82,2.3664319132398464,1.224744871391589
5,1.14,4.2,5.5,1.31,3.7,3,-0.68,3.3,1.69,1.9748417658131499,2.23606797749979
2.7,-0.97,4,4,-0.03,3.5,2,-1.47,3.1,-1.41,1.9235384061671346,1.3038404810405297
2.7,-1.02,4,3,-1.03,3.5,2,-1.47,3.1,-1.75,1.9235384061671346,1.140175425099138
3.4,-1.37,5,4,-1.05,4.6,4,-0.6,4.4,-2.04,2.1908902300206643,1.51657508881031
7.3,2.78,4.8,5.5,0.69,4.3,8.5,4.15,4.1,3.93,2.1213203435596424,2.8284271247461903
2.4,0.45,2.4,2,-0.36,1.4,2,0.64,1.2,1.79,1.378404875209022,1.7320508075688772
7.2,1.29,6,7,1.02,5.9,7,1.1,5.7,2.34,2.4289915602982237,2.8284271247461903
4.6,1.69,3.3,7,3.7,2.6,4,1.44,2.2,0.17,1.70293863659264,1.51657508881031
2.1,-2.47,4.8,1.5,-3.31,4.3,3,-1.35,4.1,-2.41,2.1213203435596424,1.3038404810405297
6.3,0.08,6.2,5.5,-0.72,6.3,8.5,2.21,6,-0.01,2.4899799195977463,2.449489742783178
5.3,0.28,5.3,7,1.73,4.9,3,-1.89,4.7,-0.68,2.23606797749979,2
4.3,-0.27,4.8,4,-0.81,4.3,4,-0.35,4.1,-0.74,2.1213203435596424,1.816590212458495
4.8,-0.52,5.5,4,-1.47,5.2,4,-1.2,5,0.54,2.3021728866442674,2.345207879911715
0,-4.52,4.8,0,-4.81,4.3,0,-4.35,4.1,-4.07,2.1213203435596424,0
7.9,1.39,6.5,7,0.47,6.7,8.5,1.83,6.4,1.1,2.5495097567963922,2.7386127875258306
4.1,-1.52,5.7,4,-1.74,5.5,5.5,-0.04,5.3,-2.32,2.3664319132398464,1.7320508075688772
4,1.22,3.2,5.5,2.31,2.4,3,0.63,2,0.99,1.6431676725154984,1.7320508075688772
3.4,-0.32,4,4,-0.03,3.5,3,-0.47,3.1,-1.75,1.9235384061671346,1.140175425099138
3.4,-0.94,4.6,4,-0.59,4.1,4,-0.11,3.8,-2.14,2.073644135332772,1.3038404810405297
4.7,0.6,4.4,5.5,1.13,3.9,4,0.12,3.5,0.15,2,1.9235384061671346
3.3,-1.44,5,5.5,0.45,4.6,4,-0.6,4.4,-1.87,2.1908902300206643,1.5811388300841898
5.1,-0.81,6,7,1.02,5.9,5.5,-0.4,5.7,-1.66,2.4289915602982237,2
4.9,0.99,4.2,7,2.81,3.7,4,0.32,3.3,0.02,1.9748417658131499,1.816590212458495
5.2,-0.07,5.5,7,1.53,5.2,4,-1.2,5,-0.96,2.3021728866442674,2
4,-1.07,5.3,5.5,0.23,4.9,4,-0.89,4.7,-2.01,2.23606797749979,1.6431676725154984
3.2,-1.62,5,4,-1.05,4.6,3,-1.6,4.4,-2.21,2.1908902300206643,1.4832396974191326
3,-0.37,3.7,3,-0.7,3.1,3,-0.1,2.7,-0.16,1.816590212458495,1.5811388300841898
3.6,-1.97,5.7,4,-1.74,5.5,4,-1.54,5.3,-1.99,2.3664319132398464,1.816590212458495
4.4,-0.17,4.8,5.5,0.69,4.3,4,-0.35,4.1,-1.41,2.1213203435596424,1.6431676725154984
2.9,-0.19,3.5,3,-0.46,2.7,2,-0.75,2.3,-0.85,1.7320508075688772,1.224744871391589
4.8,0.94,4.2,5.5,1.31,3.7,4,0.32,3.3,0.86,1.9748417658131499,2.04939015319192
3.1,-1.42,4.8,4,-0.81,4.3,3,-1.35,4.1,-2.24,2.1213203435596424,1.3416407864998738
5.1,-1.07,6.2,4,-2.22,6.3,5.5,-0.79,6,-1.84,2.4899799195977463,2.04939015319192
4.3,0.44,4.2,5.5,1.31,3.7,4,0.32,3.3,0.36,1.9748417658131499,1.9235384061671346
4.1,-2.8,6.8,5.5,-1.35,7,4,-3.02,6.8,-4.12,2.6076809620810595,1.6431676725154984
2.8,-0.11,3.3,3,-0.3,2.6,3,0.44,2.2,-0.66,1.70293863659264,1.224744871391589
5,0.23,5,7,1.95,4.6,4,-0.6,4.4,-0.54,2.1908902300206643,1.9493588689617927
1.5,-0.64,2.6,3,0.41,1.7,1,-0.67,1.4,-0.44,1.449137674618944,1
3.4,-0.94,4.6,4,-0.59,4.1,4,-0.11,3.8,-1.64,2.073644135332772,1.4832396974191326
2.4,-0.51,3.3,4,0.7,2.6,2,-0.56,2.2,-1,1.70293863659264,1.0954451150103321
3.4,0.36,3.5,3,-0.46,2.7,3,0.25,2.3,-0.02,1.7320508075688772,1.51657508881031
5.4,1.3,4.4,4,-0.37,3.9,5.5,1.62,3.5,0.98,2,2.1213203435596424
0.8,-2.04,3.3,1,-2.3,2.6,0,-2.56,2.2,-1.66,1.70293863659264,0.7071067811865476
2.5,-2.52,5.3,2,-3.27,4.9,4,-0.89,4.7,-3.01,2.23606797749979,1.3038404810405297
5.4,-1.16,6.5,5.5,-1.03,6.7,5.5,-1.17,6.4,-1.9,2.5495097567963922,2.1213203435596424
1.2,-3.09,4.6,2,-2.59,4.1,2,-2.11,3.8,-3.31,2.073644135332772,0.7071067811865476
1.5,-1.36,3.3,2,-1.3,2.6,0,-2.56,2.2,-0.83,1.70293863659264,1.140175425099138
3.6,0.11,3.9,5.5,1.64,3.3,3,-0.28,2.9,-1.03,1.8708286933869707,1.3416407864998738
5.5,-0.07,5.7,4,-1.74,5.5,5.5,-0.04,5.3,0.18,2.3664319132398464,2.345207879911715
3.7,0.21,3.9,5.5,1.64,3.3,3,-0.28,2.9,0.47,1.8708286933869707,1.816590212458495
1.5,-1.01,2.9,1.5,-1.41,2.1,0,-2.09,1.8,-0.42,1.5811388300841898,1.140175425099138
3,-0.54,3.9,4,0.14,3.3,2,-1.28,2.9,-1.03,1.8708286933869707,1.3416407864998738
2.5,-0.1,3.1,3,-0.07,2.2,3,0.77,1.9,-0.72,1.61245154965971,1.0954451150103321
4.4,-1.17,5.7,5.5,-0.24,5.5,5.5,-0.04,5.3,-1.99,2.3664319132398464,1.816590212458495
4.8,-0.22,5.3,5.5,0.23,4.9,4,-0.89,4.7,-1.01,2.23606797749979,1.9235384061671346
0.3,-1.67,2.4,1,-1.41,1.5,0,-1.47,1.3,-1.32,1.4142135623730951,0
3.5,0.77,3.2,4,0.81,2.4,3,0.63,2,-0.51,1.6431676725154984,1.224744871391589
1.7,-1.79,3.9,1.5,-2.36,3.3,2,-1.28,2.9,-2.03,1.8708286933869707,0.8944271909999159
1.8,-0.98,3.2,3,-0.19,2.4,0,-2.37,2,-1.17,1.6431676725154984,0.8944271909999159
2.9,-1.62,4.8,3,-1.81,4.3,4,-0.35,4.1,-2.41,2.1213203435596424,1.3038404810405297
6.4,0.83,5.7,7,1.26,5.5,5.5,-0.04,5.3,0.18,2.3664319132398464,2.345207879911715
2.1,-2,4.4,3,-1.37,3.9,2,-1.88,3.5,-2.19,2,1.140175425099138
3.4,-0.7,4.4,3,-1.37,3.9,3,-0.88,3.5,-1.35,2,1.4832396974191326
2.8,-1.06,4.2,4,-0.19,3.7,3,-0.68,3.3,-1.64,1.9748417658131499,1.3038404810405297
4.2,0.53,4,5.5,1.47,3.5,3,-0.47,3.1,0.25,1.9235384061671346,1.816590212458495
3.5,0.28,3.6,4,0.43,2.9,3,0.08,2.5,0.16,1.7888543819998317,1.6431676725154984
0,-2.05,2.5,0,-2.51,1.6,0,-1.56,1.4,-1.36,1.4142135623730951,0
1.7,-1.39,3.5,2,-1.46,2.7,0,-2.75,2.3,-1.35,1.7320508075688772,1
4.5,0.45,4.4,7,2.63,3.9,3,-0.88,3.5,0.15,2,1.9235384061671346
3.2,-2.37,5.7,4,-1.74,5.5,4,-1.54,5.3,-2.65,2.3664319132398464,1.6431676725154984
5.8,-0.71,6.5,7,0.47,6.7,5.5,-1.17,6.4,-1.4,2.5495097567963922,2.23606797749979
6,0.68,5.5,7,1.53,5.2,5.5,0.3,5,0.54,2.3021728866442674,2.345207879911715
8.2,1.35,6.8,8.5,1.65,7,8.5,1.48,6.8,0.71,2.6076809620810595,2.7386127875258306
1.9,-0.75,3.1,2,-1.07,2.2,0,-2.23,1.9,-1.05,1.61245154965971,0.8944271909999159
4.8,3.09,2.1,5.5,3.42,1.1,4,2.9,1.1,2.94,1.3038404810405297,2
7.8,1.58,6.2,7,0.78,6.3,8.5,2.21,6,1.99,2.4899799195977463,2.8284271247461903
7.5,1.28,6.2,8.5,2.28,6.3,7,0.71,6,1.49,2.4899799195977463,2.7386127875258306
2,-1.49,3.9,2,-1.86,3.3,3,-0.28,2.9,-1.86,1.8708286933869707,1
3.4,0.08,3.7,5.5,1.8,3.1,3,-0.1,2.7,-1.99,1.816590212458495,0.8366600265340756
3.7,-1.07,5,4,-1.05,4.6,4,-0.6,4.4,-1.04,2.1908902300206643,1.816590212458495
2.8,-0.37,3.6,3,-0.57,2.9,3,0.08,2.5,-1,1.7888543819998317,1.224744871391589
2.9,-0.32,3.6,4,0.43,2.9,3,0.08,2.5,-0.67,1.7888543819998317,1.3416407864998738
1.5,-0.06,1.9,2,0.13,1.1,2,0.88,1.1,-0.39,1.2649110640673518,0.8366600265340756
1.4,-2.32,4,2,-2.03,3.5,2,-1.47,3.1,-1.75,1.9235384061671346,1.140175425099138
3,-1.34,4.6,4,-0.59,4.1,3,-1.11,3.8,-2.81,2.073644135332772,1
6.6,2.26,4.6,5.5,0.91,4.1,7,2.89,3.8,3.19,2.073644135332772,2.6457513110645907
3.9,1.12,3.2,5.5,2.31,2.4,3,0.63,2,0.16,1.6431676725154984,1.4832396974191326
4,0.14,4.2,4,-0.19,3.7,4,0.32,3.3,-0.81,1.9748417658131499,1.5811388300841898
3.8,-1.02,5,4,-1.05,4.6,3,-1.6,4.4,-0.71,2.1908902300206643,1.9235384061671346
2.3,0.2,2.5,2,-0.51,1.6,3,1.44,1.4,-0.03,1.4142135623730951,1.140175425099138
1.6,-1.94,3.9,2,-1.86,3.3,3,-0.28,2.9,-1.53,1.8708286933869707,1.140175425099138
3.8,-0.49,4.6,4,-0.59,4.1,4,-0.11,3.8,-1.48,2.073644135332772,1.51657508881031
3.1,-0.62,4,3,-1.03,3.5,4,0.53,3.1,0.25,1.9235384061671346,1.816590212458495
0.7,-0.94,2.1,1.5,-0.58,1.1,0,-1.1,1.1,-0.56,1.3038404810405297,0.7071067811865476
2.3,-0.79,3.5,3,-0.46,2.7,2,-0.75,2.3,-1.52,1.7320508075688772,0.8944271909999159
2.1,0.44,2.1,3,0.92,1.1,1,-0.1,1.1,-0.06,1.3038404810405297,1
3.6,-1.22,5,4,-1.05,4.6,4,-0.6,4.4,-1.71,2.1908902300206643,1.6431676725154984
4.2,-0.62,5,3,-2.05,4.6,4,-0.6,4.4,-0.71,2.1908902300206643,1.9235384061671346
2.7,-1.4,4.4,3,-1.37,3.9,3,-0.88,3.5,-2.35,2,1.0954451150103321
6.3,0.08,6.2,7,0.78,6.3,5.5,-0.79,6,0.49,2.4899799195977463,2.5495097567963922
5.8,1.51,4.6,7,2.41,4.1,5.5,1.39,3.8,0.19,2.073644135332772,2
1.2,-1.66,3.3,3,-0.3,2.6,0,-2.56,2.2,-1.83,1.70293863659264,0.5477225575051661
4.8,-2.49,7.2,4,-3.2,7.4,5.5,-1.93,7.2,-3.22,2.6832815729997477,2
0.8,-0.91,2.2,1.5,-0.71,1.2,0,-1.18,1.1,-0.74,1.3038404810405297,0.5477225575051661
2.8,-1.25,4.4,4,-0.37,3.9,3,-0.88,3.5,-2.52,2,1
4.5,-0.77,5.5,5.5,0.03,5.2,4,-1.2,5,-1.29,2.3021728866442674,1.9235384061671346
4.6,-0.67,5.5,5.5,0.03,5.2,4,-1.2,5,-1.96,2.3021728866442674,1.7320508075688772
4.4,0.06,4.6,7,2.41,4.1,4,-0.11,3.8,-1.14,2.073644135332772,1.6431676725154984
4,-0.52,4.8,5.5,0.69,4.3,4,-0.35,4.1,-1.57,2.1213203435596424,1.5811388300841898
5.1,0.03,5.3,5.5,0.23,4.9,5.5,0.61,4.7,0.82,2.23606797749979,2.345207879911715
1.7,-1.84,3.9,3,-0.86,3.3,3,-0.28,2.9,-2.03,1.8708286933869707,0.8944271909999159
3.7,-1.87,5.7,5.5,-0.24,5.5,4,-1.54,5.3,-2.99,2.3664319132398464,1.51657508881031
4,-1.27,5.5,5.5,0.03,5.2,3,-2.2,5,-2.29,2.3021728866442674,1.6431676725154984
5.4,-0.22,5.7,5.5,-0.24,5.5,5.5,-0.04,5.3,-0.82,2.3664319132398464,2.1213203435596424
5.1,1,4.4,5.5,1.13,3.9,5.5,1.62,3.5,0.98,2,2.1213203435596424
2.5,-3.12,5.7,3,-2.74,5.5,3,-2.54,5.3,-3.32,2.3664319132398464,1.4142135623730951
5.6,-0.26,6,8.5,2.52,5.9,5.5,-0.4,5.7,-2.32,2.4289915602982237,1.816590212458495
3.9,-0.44,4.6,5.5,0.91,4.1,4,-0.11,3.8,-1.81,2.073644135332772,1.4142135623730951
3.5,-0.79,4.6,5.5,0.91,4.1,4,-0.11,3.8,-2.14,2.073644135332772,1.3038404810405297
0,-2.73,3.2,0,-3.19,2.4,0,-2.37,2,-2.01,1.6431676725154984,0
2.4,-0.51,3.3,3,-0.3,2.6,2,-0.56,2.2,-0.33,1.70293863659264,1.3416407864998738
6,0.38,5.7,5.5,-0.24,5.5,7,1.46,5.3,0.68,2.3664319132398464,2.449489742783178
2.9,-1.15,4.4,4,-0.37,3.9,3,-0.88,3.5,-1.19,2,1.51657508881031
4,-0.52,4.8,5.5,0.69,4.3,4,-0.35,4.1,-2.07,2.1213203435596424,1.4142135623730951
5.4,0.08,5.5,7,1.53,5.2,4,-1.2,5,-0.46,2.3021728866442674,2.1213203435596424
0.6,-4.17,5,2,-3.05,4.6,0,-4.6,4.4,-4.04,2.1908902300206643,0.5477225575051661
4.4,-0.42,5,7,1.95,4.6,4,-0.6,4.4,-2.21,2.1908902300206643,1.4832396974191326
2.1,-1.27,3.7,3,-0.7,3.1,2,-1.1,2.7,-1.66,1.816590212458495,1
5.1,0.03,5.3,5.5,0.23,4.9,4,-0.89,4.7,-0.18,2.23606797749979,2.1213203435596424
1.9,-1.59,3.9,3,-0.86,3.3,0,-3.28,2.9,-1.86,1.8708286933869707,1
2.4,-1.27,4,3,-1.03,3.5,3,-0.47,3.1,-1.91,1.9235384061671346,1.0954451150103321
7.3,0.45,6.8,7,0.15,7,8.5,1.48,6.8,0.71,2.6076809620810595,2.7386127875258306
6.4,0.23,6.2,5.5,-0.72,6.3,7,0.71,6,1.49,2.4899799195977463,2.7386127875258306
5.9,1.13,5.1,7,1.87,4.5,6,1.47,4.2,1.8,2.16794833886788,2.449489742783178
4.6,0.09,4.9,4,-0.94,4.3,4,-0.28,4,1.03,2.1213203435596424,2.23606797749979
5.5,-0.07,5.9,4,-1.86,5.4,6,0.56,5.1,-0.64,2.345207879911715,2.1213203435596424
1.7,-2.39,4.5,2,-2.53,3.8,1,-2.84,3.5,-1.83,2.0248456731316584,1.3038404810405297
4,-0.72,5.1,5,-0.13,4.5,5,0.47,4.2,-1.54,2.16794833886788,1.6431676725154984
3.3,0.12,3.6,4,0.41,2.7,3,0.28,2.5,1.35,1.760681686165901,1.9493588689617927
1.4,-0.66,2.4,2,-0.41,1.6,1,-0.57,1.5,-0.99,1.449137674618944,0.7071067811865476
7.2,0.72,6.6,6,-0.6,6.6,8,1.42,6.2,0.79,2.5298221281347035,2.6457513110645907
3.8,-0.15,4.3,4,-0.32,3.6,3,-0.64,3.3,0.38,1.9748417658131499,1.9235384061671346
6.7,0.59,6.3,7,0.66,6.2,7,0.81,5.8,0.68,2.4698178070456938,2.5495097567963922
4.6,1.14,3.9,5,1.14,3,5,1.96,2.8,1.74,1.8439088914585775,2.1213203435596424
6,0.16,6.1,6,-0.08,5.8,5,-0.8,5.5,-0.46,2.4083189157584592,2.23606797749979
3.4,-3.87,7.3,3,-4.3,7.5,5,-2.46,7.1,-5.29,2.6832815729997477,1.3416407864998738
6.1,0.53,5.9,6,0.14,5.4,7,1.56,5.1,-0.14,2.345207879911715,2.23606797749979
3.5,-1.27,5.1,6,0.87,4.5,3,-1.53,4.2,-2.7,2.16794833886788,1.224744871391589
2.2,-1.41,4,3,-0.99,3.2,2,-1.24,2.9,-1.43,1.8973665961010275,1.224744871391589
4.5,-0.01,4.9,6,1.05,4.3,4,-0.28,4,-0.97,2.1213203435596424,1.7320508075688772
0.2,-2.8,3.4,0,-3.44,2.5,1,-1.54,2.4,-2.35,1.7320508075688772,0
2.3,-1.16,3.9,2,-1.86,3,3,-0.05,2.8,-1.59,1.8439088914585775,1.0954451150103321
4.2,0.74,3.9,6,2.14,3,3,-0.05,2.8,0.24,1.8439088914585775,1.7320508075688772
1.2,-2.53,4.2,3,-1.15,3.4,0,-3.44,3.1,-2.77,1.9235384061671346,0.5477225575051661
3.7,-1.02,5.1,3,-2.13,4.5,6,1.47,4.2,-2.54,2.16794833886788,1.3038404810405297
4.5,-0.01,4.9,6,1.05,4.3,4,-0.28,4,-0.63,2.1213203435596424,1.816590212458495
5.4,-0.12,5.9,5,-0.86,5.4,6,0.56,5.1,-0.97,2.345207879911715,2.04939015319192
2.7,-3.46,6.3,3,-3.34,6.2,3,-3.18,5.8,-4.49,2.4698178070456938,1.140175425099138
5,-1.81,6.9,5,-1.94,7,6,-1.01,6.7,-4.82,2.6076809620810595,1.3416407864998738
3,0.61,2.8,4,1.24,1.9,3,1.11,1.8,-0.6,1.5491933384829668,1.0954451150103321
4.8,0.08,5.1,5,-0.13,4.5,5,0.47,4.2,-0.87,2.16794833886788,1.816590212458495
3.6,-0.74,4.7,4,-0.7,4.1,4,-0.06,3.7,-1.39,2.073644135332772,1.51657508881031
4.9,-1.96,6.9,5,-1.94,7,5,-2.02,6.7,-2.65,2.6076809620810595,2
4.3,-0.42,5.1,5,-0.13,4.5,4,-0.53,4.2,-0.87,2.16794833886788,1.816590212458495
2.6,-0.1,3.1,3,-0.12,2.3,2,-0.25,2.1,-0.9,1.6431676725154984,1.0954451150103321
2.1,-2.41,4.9,4,-0.94,4.3,1,-3.29,4,-3.63,2.1213203435596424,0.5477225575051661
2.9,-2.13,5.4,4,-1.37,4.8,3,-1.81,4.5,-3.51,2.23606797749979,1
5.1,1.69,3.9,6,2.14,3,4,0.95,2.8,1.74,1.8439088914585775,2.1213203435596424
6.9,0.42,6.6,7,0.4,6.6,7,0.42,6.2,0.79,2.5298221281347035,2.6457513110645907
6.9,0.74,6.3,9,2.66,6.2,5,-1.18,5.8,-0.32,2.4698178070456938,2.345207879911715
1.5,-3.04,4.9,3,-1.95,4.3,1,-3.29,4,-3.63,2.1213203435596424,0.5477225575051661
2.2,-3.1,5.6,3,-2.63,5.1,4,-1.11,4.8,-2.99,2.3021728866442674,1.3416407864998738
3.7,0.41,3.7,6,2.3,2.9,2,-0.86,2.6,-0.27,1.7888543819998317,1.51657508881031
3.1,-0.46,4,3,-0.99,3.2,4,0.76,2.9,0.41,1.8973665961010275,1.816590212458495
5.3,-1.18,6.6,5,-1.6,6.6,5,-1.58,6.2,-1.21,2.5298221281347035,2.23606797749979
2.3,-1.65,4.3,3,-1.32,3.6,2,-1.64,3.3,-2.12,1.9748417658131499,1.0954451150103321
4,0.1,4.3,4,-0.32,3.6,5,1.36,3.3,0.05,1.9748417658131499,1.816590212458495
5.5,1.6,4.3,6,1.68,3.6,6,2.36,3.3,1.22,1.9748417658131499,2.1213203435596424
1.5,-2.23,4.2,2,-2.15,3.4,2,-1.44,3.1,-1.94,1.9235384061671346,1.0954451150103321
2.2,-0.8,3.4,3,-0.44,2.5,2,-0.55,2.4,-1.69,1.7320508075688772,0.8366600265340756
2.2,-0.55,3.1,3,-0.12,2.3,2,-0.25,2.1,-1.56,1.6431676725154984,0.7071067811865476
5.7,-0.73,6.6,6,-0.6,6.6,5,-1.58,6.2,-0.21,2.5298221281347035,2.449489742783178
3.6,-0.96,4.9,4,-0.94,4.3,3,-1.28,4,-1.3,2.1213203435596424,1.6431676725154984
1.5,-3.22,5.1,2,-3.13,4.5,3,-1.53,4.2,-3.2,2.16794833886788,1
0.8,-2.98,4.2,2,-2.15,3.4,1,-2.44,3.1,-2.61,1.9235384061671346,0.7071067811865476
3.3,-2,5.6,3,-2.63,5.1,4,-1.11,4.8,-2.82,2.3021728866442674,1.4142135623730951
3.7,-1.6,5.6,3,-2.63,5.1,4,-1.11,4.8,-2.32,2.3021728866442674,1.5811388300841898
5.9,-0.91,6.9,5,-1.94,7,6,-1.01,6.7,-0.65,2.6076809620810595,2.449489742783178
3.8,0.07,4.2,7,2.85,3.4,2,-1.44,3.1,-0.77,1.9235384061671346,1.51657508881031
1.6,-2.74,4.7,2,-2.7,4.1,2,-2.06,3.7,-2.89,2.073644135332772,0.8944271909999159
7.2,1.68,5.9,7,1.14,5.4,8,2.56,5.1,0.86,2.345207879911715,2.449489742783178
3.9,0.61,3.7,4,0.3,2.9,4,1.14,2.6,0.4,1.7888543819998317,1.7320508075688772
5.6,-0.83,6.6,5,-1.6,6.6,5,-1.58,6.2,-1.71,2.5298221281347035,2.1213203435596424
0.9,-1.18,2.4,1,-1.4,1.6,1,-0.57,1.5,-1.49,1.449137674618944,0
4.7,-0.6,5.6,3,-2.63,5.1,5,-0.11,4.8,-0.65,2.3021728866442674,2.04939015319192
3.8,0.24,4,7,3.02,3.2,3,-0.23,2.9,-1.09,1.8973665961010275,1.3416407864998738
1.6,-2.28,4.3,2,-2.32,3.6,3,-0.64,3.3,-2.12,1.9748417658131499,1.0954451150103321
5.3,-0.22,5.9,6,0.14,5.4,5,-0.44,5.1,-1.14,2.345207879911715,2
1.9,-1.23,3.6,2,-1.59,2.7,3,0.28,2.5,-1.98,1.760681686165901,0.7071067811865476
4.5,-1.02,5.9,5,-0.86,5.4,4,-1.44,5.1,-1.14,2.345207879911715,2
3.6,-1.38,5.4,4,-1.37,4.8,4,-0.81,4.5,-3.01,2.23606797749979,1.224744871391589
3,-0.46,3.9,3,-0.86,3,3,-0.05,2.8,-0.43,1.8439088914585775,1.51657508881031
2.1,-1.46,4,2,-1.99,3.2,2,-1.24,2.9,-0.93,1.8973665961010275,1.4142135623730951
2.8,-0.98,4.2,3,-1.15,3.4,2,-1.44,3.1,-0.44,1.9235384061671346,1.6431676725154984
5.8,1.29,4.9,6,1.05,4.3,5,0.71,4,0.53,2.1213203435596424,2.1213203435596424
0.8,-3.71,4.9,2,-2.94,4.3,2,-2.29,4,-3.97,2.1213203435596424,0
2.9,-1.19,4.5,3,-1.52,3.8,2,-1.84,3.5,-1.83,2.0248456731316584,1.3038404810405297
3.8,-0.15,4.3,5,0.68,3.6,2,-1.64,3.3,0.05,1.9748417658131499,1.816590212458495
1.9,-1.14,3.4,3,-0.44,2.5,1,-1.54,2.4,-1.35,1.7320508075688772,1
0,-6.81,6.9,0,-6.94,7,0,-7.01,6.7,-6.65,2.6076809620810595,0
5.2,-0.1,5.6,6,0.38,5.1,5,-0.11,4.8,-0.82,2.3021728866442674,2
4.6,-2.21,6.9,3,-3.94,7,7,-0.01,6.7,-3.32,2.6076809620810595,1.816590212458495
3.8,-2.36,6.3,3,-3.34,6.2,5,-1.18,5.8,-2.82,2.4698178070456938,1.7320508075688772
2.2,-0.55,3.1,3,-0.12,2.3,2,-0.25,2.1,-0.56,1.6431676725154984,1.224744871391589
2.5,-1.64,4.5,2,-2.53,3.8,3,-0.83,3.5,-1.99,2.0248456731316584,1.224744871391589
2.6,-0.69,3.7,3,-0.7,2.9,3,0.14,2.6,-1.1,1.7888543819998317,1.224744871391589
6,-0.43,6.6,6,-0.6,6.6,6,-0.58,6.2,-0.71,2.5298221281347035,2.345207879911715
2.7,-0.91,4,3,-0.99,3.2,2,-1.24,2.9,-1.43,1.8973665961010275,1.224744871391589
1.7,-1.91,4,3,-0.99,3.2,1,-2.23,2.9,-2.59,1.8973665961010275,0.5477225575051661
4.2,-0.14,4.7,6,1.29,4.1,3,-1.06,3.7,-0.89,2.073644135332772,1.6733200530681511
2.9,-0.09,3.4,4,0.56,2.5,2,-0.55,2.4,-0.35,1.7320508075688772,1.4142135623730951
5,1.22,4.2,5,0.85,3.4,4,0.56,3.1,0.89,1.9235384061671346,2
3.9,-1.62,5.9,6,0.14,5.4,4,-1.44,5.1,-2.14,2.345207879911715,1.7320508075688772
3.4,-0.38,4.2,5,0.85,3.4,3,-0.44,3.1,-0.94,1.9235384061671346,1.4832396974191326
6.7,1.13,5.9,7,1.14,5.4,8,2.56,5.1,0.36,2.345207879911715,2.345207879911715
3.5,-3.31,6.9,5,-1.94,7,4,-3.02,6.7,-4.82,2.6076809620810595,1.3416407864998738
5.3,-1.97,7.3,8,0.7,7.5,5,-2.46,7.1,-2.96,2.6832815729997477,2.04939015319192
6.5,1.47,5.4,7,1.63,4.8,5,0.19,4.5,2.49,2.23606797749979,2.6457513110645907
3.5,0.25,3.7,3,-0.7,2.9,5,2.14,2.6,0.4,1.7888543819998317,1.7320508075688772
3.9,-1.08,5.4,3,-2.37,4.8,4,-0.81,4.5,-1.67,2.23606797749979,1.6733200530681511
0.7,-1.11,2.1,1,-1.13,1.2,0,-1.2,1.3,-0.98,1.3416407864998738,0.5477225575051661
2.5,-1.06,4,2,-1.99,3.2,3,-0.23,2.9,-2.26,1.8973665961010275,0.8366600265340756
5.8,1.24,4.9,6,1.05,4.3,6,1.72,4,0.7,2.1213203435596424,2.16794833886788
4.5,0.41,4.5,5,0.47,3.8,4,0.17,3.5,0.17,2.0248456731316584,1.9235384061671346
4.8,0.03,5.1,5,-0.13,4.5,5,0.47,4.2,-0.54,2.16794833886788,1.9235384061671346
5.5,0.25,5.6,6,0.38,5.1,6,0.89,4.8,0.18,2.3021728866442674,2.23606797749979
0,-2.86,3.3,0,-3.3,2.4,0,-2.39,2.2,-2.21,1.70293863659264,0
3.4,-1.9,5.6,5,-0.63,5.1,5,-0.11,4.8,-3.32,2.3021728866442674,1.224744871391589
5.2,-0.64,6.1,5,-1.08,5.8,5,-0.8,5.5,-1.46,2.4083189157584592,2
4.2,0.96,3.7,4,0.3,2.9,4,1.14,2.6,0.4,1.7888543819998317,1.7320508075688772
4.2,-1.91,6.3,5,-1.34,6.2,7,0.81,5.8,-3.16,2.4698178070456938,1.6431676725154984
2.7,-1.44,4.5,3,-1.52,3.8,3,-0.83,3.5,-1.99,2.0248456731316584,1.224744871391589
3.3,0.55,3.1,4,0.88,2.3,3,0.75,2.1,-0.06,1.6431676725154984,1.4142135623730951
5.3,1.16,4.5,5,0.47,3.8,5,1.16,3.5,1.51,2.0248456731316584,2.23606797749979
3.3,0.72,2.9,3,0.09,2.1,2,-0.08,1.9,0.59,1.5811388300841898,1.5811388300841898
6.2,1.22,5.4,6,0.63,4.8,7,2.19,4.5,1.49,2.23606797749979,2.449489742783178
2.8,-0.76,4,3,-0.99,3.2,2,-1.24,2.9,-0.76,1.8973665961010275,1.4832396974191326
6.9,2.13,5.1,8,2.87,4.5,6,1.47,4.2,1.8,2.16794833886788,2.449489742783178
0.5,-1.62,2.5,0,-2.51,1.6,1,-0.6,1.5,-1.04,1.449137674618944,0.7071067811865476
6.8,0.69,6.3,9,2.66,6.2,5,-1.18,5.8,0.18,2.4698178070456938,2.449489742783178
3.5,-0.59,4.5,3,-1.52,3.8,5,1.16,3.5,-1.33,2.0248456731316584,1.4832396974191326
3.4,1.39,2.3,4,1.66,1.4,3,1.64,1.4,0.96,1.4142135623730951,1.51657508881031
5.4,-1.08,6.6,6,-0.6,6.6,5,-1.58,6.2,-2.21,2.5298221281347035,2
0.4,-2.85,3.7,0,-3.7,2.9,2,-0.86,2.6,-2.6,1.7888543819998317,0
7.4,0.97,6.6,8,1.4,6.6,6,-0.58,6.2,0.79,2.5298221281347035,2.6457513110645907
4.4,0.5,4.3,4,-0.32,3.6,6,2.36,3.3,0.72,1.9748417658131499,2
4.2,-1.05,5.6,6,0.38,5.1,3,-2.11,4.8,-2.15,2.3021728866442674,1.6431676725154984
3.1,-1.62,5.1,3,-2.13,4.5,5,0.47,4.2,-2.7,2.16794833886788,1.224744871391589
2.9,-2.33,5.6,3,-2.63,5.1,5,-0.11,4.8,-2.99,2.3021728866442674,1.3416407864998738
1,-1.78,3.2,2,-1.2,2.3,0,-2.32,2.1,-1.81,1.6733200530681511,0.5477225575051661
6,-0.81,6.9,5,-1.94,7,8,0.99,6.7,-2.15,2.6076809620810595,2.1213203435596424
6.2,-0.61,6.9,6,-0.94,7,7,-0.01,6.7,-0.65,2.6076809620810595,2.449489742783178
1.5,-0.86,2.8,2,-0.76,1.9,1,-0.89,1.8,-0.94,1.5491933384829668,0.8944271909999159
2.5,0.06,2.8,3,0.24,1.9,2,0.11,1.8,-1.1,1.5491933384829668,0.8366600265340756
6.9,0.47,6.6,6,-0.6,6.6,8,1.42,6.2,0.79,2.5298221281347035,2.6457513110645907
4,0.05,4.3,4,-0.32,3.6,4,0.36,3.3,0.72,1.9748417658131499,2
1.4,-2.74,4.5,2,-2.53,3.8,1,-2.84,3.5,-3.16,2.0248456731316584,0.5477225575051661
0.2,-2.53,3.1,0,-3.12,2.3,0,-2.25,2.1,-2.06,1.6431676725154984,0
3.1,-2.2,5.6,3,-2.63,5.1,4,-1.11,4.8,-2.99,2.3021728866442674,1.3416407864998738
4.1,-0.67,5.1,4,-1.13,4.5,4,-0.53,4.2,-1.04,2.16794833886788,1.7888543819998317
2.1,-1.51,4,3,-0.99,3.2,1,-2.23,2.9,-1.76,1.8973665961010275,1.0954451150103321
1.4,-2.01,3.9,2,-1.86,3,1,-2.05,2.8,-1.93,1.8439088914585775,0.8944271909999159
3.3,-1.21,4.9,3,-1.95,4.3,5,0.71,4,-2.47,2.1213203435596424,1.224744871391589
7,0.19,6.9,7,0.06,7,7,-0.01,6.7,-0.65,2.6076809620810595,2.449489742783178
1.1,-3.46,4.9,2,-2.94,4.3,0,-4.28,4,-3.63,2.1213203435596424,0.5477225575051661
4.1,-0.04,4.5,4,-0.52,3.8,3,-0.83,3.5,-0.16,2.0248456731316584,1.816590212458495
4.5,-0.8,5.6,4,-1.63,5.1,5,-0.11,4.8,-1.15,2.3021728866442674,1.9235384061671346
3.9,-2.21,6.3,4,-2.34,6.2,4,-2.18,5.8,-2.82,2.4698178070456938,1.7320508075688772
4.4,0.11,4.7,5,0.29,4.1,4,-0.06,3.7,-0.05,2.073644135332772,1.9235384061671346
3,-1.77,5.1,4,-1.13,4.5,3,-1.53,4.2,-2.37,2.16794833886788,1.3416407864998738
3.4,-0.38,4.2,3,-1.15,3.4,3,-0.44,3.1,-0.11,1.9235384061671346,1.7320508075688772
0.6,-2.65,3.7,1,-2.7,2.9,0,-2.86,2.6,-2.6,1.7888543819998317,0
3.1,-0.99,4.5,3,-1.52,3.8,3,-0.83,3.5,-1.16,2.0248456731316584,1.51657508881031
8.4,3.68,5.1,9,3.87,4.5,8,3.47,4.2,3.8,2.16794833886788,2.8284271247461903
6,0.21,6.1,7,0.92,5.8,5,-0.8,5.5,0.04,2.4083189157584592,2.345207879911715
2.9,-2.94,6.1,3,-3.08,5.8,4,-1.79,5.5,-3.13,2.4083189157584592,1.51657508881031
8,1.52,6.6,9,2.4,6.6,8,1.42,6.2,0.29,2.5298221281347035,2.5495097567963922
3.8,-1.5,5.6,4,-1.63,5.1,4,-1.11,4.8,-3.15,2.3021728866442674,1.3038404810405297
8.3,1.03,7.3,9,1.71,7.5,7,-0.47,7.1,1.38,2.6832815729997477,2.9154759474226504
3,-0.73,4.2,5,0.85,3.4,3,-0.44,3.1,-1.11,1.9235384061671346,1.4142135623730951
3.7,0.29,3.9,6,2.14,3,3,-0.05,2.8,-0.43,1.8439088914585775,1.51657508881031
1.1,-2.63,4.2,3,-1.15,3.4,1,-2.44,3.1,-2.44,1.9235384061671346,0.8366600265340756
4.1,-1.2,5.6,5,-0.63,5.1,3,-2.11,4.8,-1.15,2.3021728866442674,1.9235384061671346
5.2,1.79,3.9,5,1.14,3,5,1.96,2.8,2.41,1.8439088914585775,2.280350850198276
3.6,-0.74,4.7,4,-0.7,4.1,3,-1.06,3.7,-1.05,2.073644135332772,1.6431676725154984
4.6,-0.92,5.9,6,0.14,5.4,5,-0.44,5.1,-1.14,2.345207879911715,2
2,-1.61,4,2,-1.99,3.2,2,-1.24,2.9,-1.76,1.8973665961010275,1.0954451150103321
1.1,-3.46,4.9,2,-2.94,4.3,1,-3.29,4,-2.8,2.1213203435596424,1.0954451150103321
4.8,0.08,5.1,5,-0.13,4.5,4,-0.53,4.2,0.8,2.16794833886788,2.23606797749979
3.9,-0.82,5.1,5,-0.13,4.5,4,-0.53,4.2,-0.87,2.16794833886788,1.816590212458495
5.3,0.32,5.4,6,0.63,4.8,5,0.19,4.5,0.99,2.23606797749979,2.345207879911715
3.3,-0.48,4.2,4,-0.15,3.4,3,-0.44,3.1,-1.11,1.9235384061671346,1.4142135623730951
3.7,0.14,4,4,0.01,3.2,3,-0.23,2.9,0.07,1.8973665961010275,1.7320508075688772
3.3,-0.43,4.2,3,-1.15,3.4,4,0.56,3.1,-0.61,1.9235384061671346,1.5811388300841898
3,-0.73,4.2,2,-2.15,3.4,4,0.56,3.1,-1.27,1.9235384061671346,1.3416407864998738
4.3,-0.68,5.4,4,-1.37,4.8,5,0.19,4.5,-0.84,2.23606797749979,1.9235384061671346
3,-0.78,4.2,3,-1.15,3.4,3,-0.44,3.1,-0.77,1.9235384061671346,1.51657508881031
2,-2.98,5.4,3,-2.37,4.8,1,-3.81,4.5,-3.01,2.23606797749979,1.224744871391589
3.7,-2.14,6.1,4,-2.08,5.8,4,-1.79,5.5,-2.79,2.4083189157584592,1.6431676725154984
1.1,-3.41,4.9,3,-1.95,4.3,1,-3.29,4,-3.63,2.1213203435596424,0.5477225575051661
3.8,-0.92,5.1,5,-0.13,4.5,3,-1.53,4.2,-2.2,2.16794833886788,1.4142135623730951
4.2,0.06,4.5,4,-0.52,3.8,5,1.16,3.5,0.17,2.0248456731316584,1.9235384061671346
3.3,-1.47,5.1,3,-2.13,4.5,3,-1.53,4.2,-2.04,2.16794833886788,1.4832396974191326
0.7,-4.28,5.4,1,-4.36,4.8,2,-2.81,4.5,-4.51,2.23606797749979,0
2.1,-1.14,3.7,3,-0.7,2.9,2,-0.86,2.6,-2.6,1.7888543819998317,0
3.5,-0.23,4.2,5,0.85,3.4,4,0.56,3.1,-0.11,1.9235384061671346,1.7320508075688772
5,-0.25,5.6,6,0.38,5.1,5,-0.11,4.8,-0.82,2.3021728866442674,2
2.6,-2.12,5.1,3,-2.13,4.5,4,-0.53,4.2,-1.54,2.16794833886788,1.6431676725154984
1.5,-2.43,4.3,2,-2.32,3.6,2,-1.64,3.3,-2.95,1.9748417658131499,0.5477225575051661
3.4,-1.32,5.1,4,-1.13,4.5,4,-0.53,4.2,-1.2,2.16794833886788,1.7320508075688772
2.1,-1.31,3.9,2,-1.86,3,2,-1.04,2.8,-1.26,1.8439088914585775,1.224744871391589
2.2,-3.05,5.6,1,-4.63,5.1,3,-2.11,4.8,-4.15,2.3021728866442674,0.8366600265340756
3.7,-1.02,5.1,4,-1.13,4.5,4,-0.53,4.2,-1.2,2.16794833886788,1.7320508075688772
5.5,-0.34,6.1,6,-0.08,5.8,5,-0.8,5.5,-2.13,2.4083189157584592,1.816590212458495
3.4,-1.32,5.1,4,-1.13,4.5,4,-0.53,4.2,-0.87,2.16794833886788,1.816590212458495
3.3,-0.16,3.9,3,-0.86,3,4,0.95,2.8,-0.59,1.8439088914585775,1.4832396974191326
3.1,-0.51,4,4,0.01,3.2,3,-0.23,2.9,-0.76,1.8973665961010275,1.4832396974191326
1.7,-1.6,3.7,1,-2.7,2.9,2,-0.86,2.6,-1.93,1.7888543819998317,0.8366600265340756
2.4,-2.11,4.9,2,-2.94,4.3,3,-1.28,4,-1.97,2.1213203435596424,1.4142135623730951
2.1,-0.81,3.3,3,-0.3,2.4,2,-0.4,2.2,-1.05,1.70293863659264,1.0954451150103321
5.2,-0.59,6.1,6,-0.08,5.8,5,-0.8,5.5,-0.96,2.4083189157584592,2.1213203435596424
1.9,-1.35,3.7,2,-1.7,2.9,2,-0.86,2.6,-0.6,1.7888543819998317,1.4142135623730951
5.7,0.98,5.1,7,1.87,4.5,5,0.47,4.2,-0.2,2.16794833886788,2
4.2,-0.57,5.1,5,-0.13,4.5,4,-0.53,4.2,-0.87,2.16794833886788,1.816590212458495
2.9,-3.53,6.6,2,-4.6,6.6,5,-1.58,6.2,-3.38,2.5298221281347035,1.6733200530681511
4.4,0.79,4,5,1.01,3.2,3,-0.23,2.9,0.41,1.8973665961010275,1.816590212458495
3.1,-0.63,4.2,4,-0.15,3.4,4,0.56,3.1,-1.27,1.9235384061671346,1.3416407864998738
6.4,0.24,6.3,6,-0.34,6.2,8,1.82,5.8,-0.32,2.4698178070456938,2.345207879911715
4.1,-2.06,6.3,4,-2.34,6.2,6,-0.19,5.8,-3.49,2.4698178070456938,1.51657508881031
6.3,0.19,6.3,5,-1.34,6.2,9,2.82,5.8,-0.66,2.4698178070456938,2.280350850198276
5.9,4.04,2.1,6,3.87,1.2,6,4.8,1.3,4.68,1.3416407864998738,2.449489742783178
0.2,-2.19,2.8,0,-2.76,1.9,1,-0.89,1.8,-1.77,1.5491933384829668,0
6.2,1.64,4.9,8,3.06,4.3,4,-0.28,4,2.53,2.1213203435596424,2.5495097567963922
6.5,-0.31,6.9,6,-0.94,7,9,1.99,6.7,-2.49,2.6076809620810595,2.04939015319192
4.3,0.69,4,6,2.02,3.2,4,0.76,2.9,-0.26,1.8973665961010275,1.6431676725154984
7.2,0.77,6.6,7,0.4,6.6,8,1.42,6.2,0.29,2.5298221281347035,2.5495097567963922
2.6,-2.38,5.4,4,-1.37,4.8,3,-1.81,4.5,-3.51,2.23606797749979,1
3.4,0.57,3.2,4,0.81,2.3,3,0.68,2.1,0.69,1.6733200530681511,1.6733200530681511
3.3,-0.26,4,3,-0.99,3.2,3,-0.23,2.9,-0.59,1.8973665961010275,1.51657508881031
2.9,-2.08,5.4,3,-2.37,4.8,3,-1.81,4.5,-2.67,2.23606797749979,1.3416407864998738
4.3,-0.95,5.6,4,-1.63,5.1,5,-0.11,4.8,-1.99,2.3021728866442674,1.6733200530681511
6,-0.08,6.3,5,-1.34,6.2,6,-0.19,5.8,0.43,2.4698178070456938,2.5099800796022267
6.2,-0.23,6.6,6,-0.6,6.6,7,0.42,6.2,-0.71,2.5298221281347035,2.345207879911715
5.8,-0.04,6.1,5,-1.08,5.8,6,0.2,5.5,-1.63,2.4083189157584592,1.9493588689617927
3.5,-0.45,4.3,4,-0.32,3.6,2,-1.64,3.3,-0.28,1.9748417658131499,1.7320508075688772
4.8,-0.23,5.4,4,-1.37,4.8,5,0.19,4.5,-1.17,2.23606797749979,1.816590212458495
5.5,-0.98,6.6,5,-1.6,6.6,6,-0.58,6.2,-2.88,2.5298221281347035,1.816590212458495
3.7,-0.2,4.3,4,-0.32,3.6,5,1.36,3.3,-0.28,1.9748417658131499,1.7320508075688772
5.8,1.66,4.5,4,-0.52,3.8,6,2.16,3.5,2.01,2.0248456731316584,2.345207879911715
2,-2.07,4.5,2,-2.53,3.8,3,-0.83,3.5,-2.33,2.0248456731316584,1.0954451150103321
4.5,-0.01,4.9,5,0.05,4.3,6,1.72,4,-0.63,2.1213203435596424,1.816590212458495
4,-0.34,4.7,3,-1.71,4.1,4,-0.06,3.7,0.11,2.073644135332772,1.9493588689617927
6.8,0.64,6.3,9,2.66,6.2,6,-0.19,5.8,-1.32,2.4698178070456938,2.1213203435596424
1.7,-1.16,3.3,2,-1.3,2.4,1,-1.39,2.2,-0.88,1.70293863659264,1.140175425099138
3.9,-1.35,5.6,4,-1.63,5.1,4,-1.11,4.8,-1.99,2.3021728866442674,1.6733200530681511
2.4,-1.91,4.7,4,-0.7,4.1,3,-1.06,3.7,-2.39,2.073644135332772,1.140175425099138
3.8,-0.76,4.9,5,0.05,4.3,3,-1.28,4,-1.3,2.1213203435596424,1.6431676725154984
6.1,1.07,5.4,6,0.63,4.8,7,2.19,4.5,1.49,2.23606797749979,2.449489742783178
4.2,-0.78,5.4,6,0.63,4.8,4,-0.81,4.5,-1.17,2.23606797749979,1.816590212458495
5.8,0.5,5.6,5,-0.63,5.1,5,-0.11,4.8,0.18,2.3021728866442674,2.23606797749979
7.7,3.14,4.9,8,3.06,4.3,7,2.71,4,3.03,2.1213203435596424,2.6457513110645907
6.5,-0.72,7.3,6,-1.29,7.5,7,-0.47,7.1,-1.62,2.6832815729997477,2.345207879911715
4.7,-1.73,6.6,5,-1.6,6.6,6,-0.58,6.2,-2.88,2.5298221281347035,1.816590212458495
3.1,-2.15,5.6,4,-1.63,5.1,4,-1.11,4.8,-3.15,2.3021728866442674,1.3038404810405297
1.1,-3.93,5.4,1,-4.36,4.8,2,-2.81,4.5,-4.01,2.23606797749979,0.7071067811865476
0.8,-2.33,3.6,2,-1.59,2.7,0,-2.71,2.5,-2.48,1.760681686165901,0
4.2,-1.37,5.9,6,0.14,5.4,4,-1.44,5.1,-2.47,2.345207879911715,1.6431676725154984
1.4,-1.11,2.9,2,-0.92,2.1,1,-1.08,1.9,-1.41,1.5811388300841898,0.7071067811865476
8.1,1.67,6.6,9,2.4,6.6,8,1.42,6.2,0.79,2.5298221281347035,2.6457513110645907
3.6,-0.35,4.3,3,-1.32,3.6,4,0.36,3.3,0.38,1.9748417658131499,1.9235384061671346
4.8,-2.06,6.9,3,-3.94,7,7,-0.01,6.7,-1.65,2.6076809620810595,2.23606797749979
2.6,-0.98,4,3,-0.99,3.2,2,-1.24,2.9,-0.59,1.8973665961010275,1.51657508881031
6.1,-0.71,6.9,7,0.06,7,8,0.99,6.7,-1.15,2.6076809620810595,2.345207879911715
4.2,-2.66,6.9,7,0.06,7,5,-2.02,6.7,-3.65,2.6076809620810595,1.7320508075688772
6.4,0.56,6.1,7,0.92,5.8,6,0.2,5.5,0.04,2.4083189157584592,2.345207879911715
2.3,-0.23,2.9,3,0.09,2.1,2,-0.08,1.9,-1.24,1.5811388300841898,0.8366600265340756
4,2.14,2.1,3,0.87,1.2,4,2.81,1.3,3.85,1.3416407864998738,2.280350850198276
1.7,-0.88,3,3,0.02,2.1,0,-2.12,1.9,-1.11,1.61245154965971,0.8944271909999159
4.4,0.66,4.2,5,0.83,3.4,4,0.56,3.3,0.69,1.9235384061671346,2
4.1,-0.44,4.9,5,0.1,4.3,4,-0.31,4.2,-1.21,2.1213203435596424,1.7320508075688772
3.4,-2.66,6.2,8,1.76,6.1,4,-2.13,6,-5.04,2.4698178070456938,1
0.2,-1.84,2.5,0,-2.46,1.5,0,-1.5,1.7,-1.66,1.4142135623730951,0
2.2,-2.31,4.9,2,-2.89,4.3,4,-0.31,4.2,-3.21,2.1213203435596424,1
2.4,-0.39,3.3,3,-0.29,2.4,2,-0.4,2.4,-0.06,1.6733200530681511,1.51657508881031
2.7,-0.55,3.7,2,-1.73,2.9,4,1.09,2.8,-0.18,1.7888543819998317,1.6431676725154984
2.7,-2.53,5.6,3,-2.58,5.1,3,-2.13,5.1,-2.4,2.280350850198276,1.6431676725154984
4,-0.73,5.1,5,-0.13,4.6,4,-0.57,4.5,-1.16,2.16794833886788,1.816590212458495
4.3,0.56,4.2,4,-0.17,3.4,4,0.56,3.3,0.02,1.9235384061671346,1.816590212458495
3.3,-1.67,5.3,3,-2.34,4.8,4,-0.83,4.8,-0.76,2.23606797749979,2
4.3,-2.14,6.5,4,-2.49,6.5,5,-1.51,6.4,-2.41,2.5298221281347035,2
6.2,0.7,5.8,6,0.2,5.4,7,1.56,5.4,0.95,2.345207879911715,2.5099800796022267
5.9,1.17,5.1,8,2.88,4.6,5,0.43,4.5,1.18,2.16794833886788,2.3874672772626644
4.9,-0.07,5.3,4,-1.34,4.8,5,0.17,4.8,-1.1,2.23606797749979,1.9235384061671346
7,-0.7,7.6,8,0.38,7.9,7,-0.88,7.9,-1.87,2.7748873851023217,2.449489742783178
0.9,-1.98,3.4,3,-0.38,2.5,1,-1.48,2.5,-2.48,1.70293863659264,0
1.8,-1.94,4.2,2,-2.16,3.4,1,-2.43,3.3,-1.31,1.9235384061671346,1.4142135623730951
1,-1.5,2.9,2,-0.93,2.1,1,-1.09,2.1,-1.77,1.5811388300841898,0.5477225575051661
1.7,-3.7,6.2,2,-4.24,6.1,3,-3.13,6,-5.37,2.4698178070456938,0.8366600265340756
2.3,-0.58,3.4,3,-0.38,2.5,2,-0.47,2.5,-1.81,1.70293863659264,0.8366600265340756
0,-3.62,4.7,0,-4.71,4.1,0,-4.08,4,-3.97,2.073644135332772,0
0.2,-3.66,4.9,0,-4.89,4.3,0,-4.32,4.2,-4.21,2.1213203435596424,0
3.6,-1.9,5.8,3,-2.8,5.4,3,-2.44,5.4,-1.72,2.345207879911715,1.9235384061671346
1.8,-2.29,4.5,2,-2.53,3.9,1,-2.89,3.8,-2.42,2.0248456731316584,1.140175425099138
0.4,-1.36,2.1,1,-1.13,1.1,0,-1.14,1.5,-1.49,1.3038404810405297,0
4.4,-1.1,5.8,3,-2.8,5.4,7,1.56,5.4,-0.72,2.345207879911715,2.16794833886788
0.9,-3.19,4.5,0,-4.53,3.9,3,-0.89,3.8,-3.42,2.0248456731316584,0.5477225575051661
4.5,0.58,4.3,6,1.67,3.6,3,-0.64,3.5,0.82,1.9748417658131499,2.073644135332772
1.7,-1.86,4,2,-2.01,3.3,1,-2.25,3.1,-2.15,1.8708286933869707,1
4.2,-1.08,5.6,5,-0.57,5.1,4,-1.13,5.1,-1.73,2.280350850198276,1.816590212458495
6.8,1.52,5.6,6,0.43,5.1,8,2.87,5.1,2.6,2.280350850198276,2.7748873851023217
4.2,-1.03,5.6,4,-1.58,5.1,6,0.87,5.1,0.27,2.280350850198276,2.3021728866442674
3.2,-1.29,4.9,3,-1.89,4.3,4,-0.31,4.2,-1.21,2.1213203435596424,1.7320508075688772
3.3,-1.67,5.3,5,-0.34,4.8,4,-0.83,4.8,-3.76,2.23606797749979,1
2.8,-2.96,6,3,-3.01,5.8,3,-2.77,5.7,-3.36,2.4083189157584592,1.51657508881031
4.8,-1.59,6.5,4,-2.49,6.5,6,-0.51,6.4,-1.41,2.5298221281347035,2.23606797749979
4,0.08,4.3,4,-0.33,3.6,3,-0.64,3.5,-0.52,1.9748417658131499,1.7320508075688772
4.5,0.76,4.2,5,0.83,3.4,4,0.56,3.3,0.02,1.9235384061671346,1.816590212458495
5,-0.55,5.8,5,-0.8,5.4,4,-1.44,5.4,-1.72,2.345207879911715,1.9235384061671346
3.4,-1.83,5.6,3,-2.58,5.1,4,-1.13,5.1,-1.73,2.280350850198276,1.816590212458495
4.7,-1.36,6.2,4,-2.23,6.1,6,-0.13,6,-1.7,2.4698178070456938,2.073644135332772
4.2,-2.19,6.5,3,-3.49,6.5,5,-1.51,6.4,-2.75,2.5298221281347035,1.9235384061671346
2.6,0.1,2.9,3,0.07,2.1,2,-0.09,2.1,0.23,1.5811388300841898,1.51657508881031
1.9,-2.19,4.5,4,-0.53,3.9,2,-1.89,3.8,-2.42,2.0248456731316584,1.140175425099138
4.3,0.43,4.3,4,-0.33,3.6,4,0.36,3.5,0.48,1.9748417658131499,2
5.5,-0.26,6,7,1,5.8,5,-0.76,5.7,-1.02,2.4083189157584592,2.16794833886788
3.6,0.35,3.7,3,-0.73,2.9,5,2.09,2.8,0.15,1.7888543819998317,1.7320508075688772
5.6,1.11,4.9,5,0.1,4.3,4,-0.31,4.2,0.12,2.1213203435596424,2.073644135332772
4.1,0.01,4.5,5,0.47,3.9,4,0.1,3.8,-0.76,2.0248456731316584,1.7320508075688772
4.4,-0.57,5.3,7,1.66,4.8,3,-1.84,4.8,-3.1,2.23606797749979,1.3038404810405297
2.4,-1.18,4,2,-2.01,3.3,2,-1.25,3.1,-1.82,1.8708286933869707,1.140175425099138
5.8,-0.64,6.5,6,-0.49,6.5,7,0.49,6.4,-1.41,2.5298221281347035,2.23606797749979
6.8,-0.4,7.2,7,-0.18,7.4,6,-1.38,7.3,-0.67,2.6832815729997477,2.588435821108957
2.7,-1.39,4.5,3,-1.53,3.9,3,-0.89,3.8,-1.76,2.0248456731316584,1.4142135623730951
2.9,-0.84,4.2,2,-2.16,3.4,3,-0.44,3.3,-2.64,1.9235384061671346,0.8366600265340756
2.1,-2.87,5.3,3,-2.34,4.8,2,-2.84,4.8,-4.43,2.23606797749979,0.5477225575051661
4.7,-2.11,6.8,3,-3.8,6.9,6,-0.92,6.8,-1.84,2.6076809620810595,2.23606797749979
1.6,-1.13,3.2,3,-0.17,2.3,1,-1.3,2.3,-1.99,1.6431676725154984,0.5477225575051661
3,-1.73,5.1,3,-2.13,4.6,3,-1.58,4.5,-1.82,2.16794833886788,1.6431676725154984
2.2,-3.3,5.8,2,-3.8,5.4,3,-2.44,5.4,-4.72,2.345207879911715,0.8366600265340756
6,1.51,4.9,7,2.11,4.3,5,0.69,4.2,0.79,2.1213203435596424,2.23606797749979
4.5,0.01,4.9,6,1.11,4.3,4,-0.31,4.2,0.12,2.1213203435596424,2.073644135332772
4.3,-1.25,5.8,5,-0.8,5.4,5,-0.44,5.4,-2.38,2.345207879911715,1.7320508075688772
5.8,0.78,5.3,7,1.66,4.8,5,0.17,4.8,0.57,2.23606797749979,2.3021728866442674
7,0.24,6.8,6,-0.8,6.9,8,1.09,6.8,0.83,2.6076809620810595,2.7748873851023217
6.9,1.14,6,7,1,5.8,7,1.24,5.7,1.31,2.4083189157584592,2.6457513110645907
4.2,0.67,4,5,0.99,3.3,2,-1.25,3.1,0.18,1.8708286933869707,1.816590212458495
5.6,1.46,4.5,6,1.47,3.9,5,1.11,3.8,0.91,2.0248456731316584,2.16794833886788
2.6,-1.68,4.7,3,-1.71,4.1,2,-2.08,4,-1.3,2.073644135332772,1.6431676725154984
4.8,3.02,2.1,5,2.87,1.1,4,2.86,1.5,2.51,1.3038404810405297,2
3.7,-0.39,4.5,4,-0.53,3.9,4,0.1,3.8,-0.42,2.0248456731316584,1.816590212458495
6.3,1.52,5.1,8,2.88,4.6,6,1.42,4.5,0.84,2.16794833886788,2.3021728866442674
0.7,-1.06,2.1,1,-1.13,1.1,0,-1.14,1.5,-0.82,1.3038404810405297,0.8366600265340756
4.4,-0.62,5.3,5,-0.34,4.8,3,-1.84,4.8,-1.1,2.23606797749979,1.9235384061671346
3.9,0.72,3.6,4,0.38,2.8,3,0.22,2.7,-0.08,1.760681686165901,1.6431676725154984
6.6,2.11,4.9,7,2.11,4.3,6,1.68,4.2,2.12,2.1213203435596424,2.5099800796022267
6.6,1.63,5.3,8,2.66,4.8,5,0.17,4.8,1.57,2.23606797749979,2.5099800796022267
4.3,0.38,4.3,5,0.67,3.6,3,-0.64,3.5,-0.18,1.9748417658131499,1.816590212458495
4.3,-1.2,5.8,7,1.21,5.4,4,-1.44,5.4,-1.72,2.345207879911715,1.9235384061671346
2.5,-3,5.8,3,-2.8,5.4,4,-1.44,5.4,-5.38,2.345207879911715,0
6,2.13,4.3,9,4.67,3.6,4,0.36,3.5,1.82,1.9748417658131499,2.3021728866442674
2,0.24,2.1,3,0.87,1.1,1,-0.14,1.5,-0.16,1.3038404810405297,1.140175425099138
3.2,-0.49,4.2,3,-1.16,3.4,4,0.56,3.3,-0.64,1.9235384061671346,1.6431676725154984
7.2,1.09,6.2,8,1.76,6.1,8,1.88,6,0.3,2.4698178070456938,2.5099800796022267
4.1,-1.71,6,6,0,5.8,4,-1.76,5.7,-3.02,2.4083189157584592,1.6431676725154984
0.4,-3.47,4.3,1,-3.33,3.6,1,-2.64,3.5,-3.52,1.9748417658131499,0
2.5,-1.59,4.5,2,-2.53,3.9,3,-0.89,3.8,-1.76,2.0248456731316584,1.4142135623730951
4.9,1.16,4.2,5,0.83,3.4,4,0.56,3.3,1.69,1.9235384061671346,2.23606797749979
5.7,-0.06,6,6,0,5.8,5,-0.76,5.7,0.31,2.4083189157584592,2.449489742783178
2.7,-2.83,5.8,3,-2.8,5.4,3,-2.44,5.4,-2.72,2.345207879911715,1.6431676725154984
4.9,0.62,4.7,7,2.29,4.1,4,-0.08,4,-0.63,2.073644135332772,1.816590212458495
2.2,-1.49,4.2,3,-1.16,3.4,2,-1.43,3.3,-2.64,1.9235384061671346,0.8366600265340756
4.4,-1.71,6.2,5,-1.24,6.1,5,-1.13,6,-2.04,2.4698178070456938,2
2.6,-1.49,4.5,2,-2.53,3.9,3,-0.89,3.8,-1.42,2.0248456731316584,1.51657508881031
3.5,0.32,3.6,4,0.38,2.8,3,0.22,2.7,-1.08,1.760681686165901,1.3038404810405297
4.5,-2.75,7.2,4,-3.18,7.4,5,-2.38,7.3,-3,2.6832815729997477,2.073644135332772
0.9,-2.63,4,1,-3.01,3.3,1,-2.25,3.1,-2.15,1.8708286933869707,1
2,-1.69,4.2,3,-1.16,3.4,3,-0.44,3.3,-3.31,1.9235384061671346,0
3,-0.58,4,3,-1.01,3.3,4,0.75,3.1,-2.15,1.8708286933869707,1
1.1,-2.12,3.7,2,-1.73,2.9,1,-1.91,2.8,-2.51,1.7888543819998317,0.5477225575051661
1.8,-1.57,3.9,2,-1.86,3.1,2,-1.06,3,-1.97,1.8439088914585775,1
4.8,0.02,5.1,6,0.88,4.6,4,-0.57,4.5,-1.16,2.16794833886788,1.816590212458495
4.4,-0.33,5.1,5,-0.13,4.6,5,0.43,4.5,-0.16,2.16794833886788,2.073644135332772
2.6,-1.89,4.9,4,-0.89,4.3,3,-1.32,4.2,-3.55,2.1213203435596424,0.8366600265340756
3.2,1.07,2.5,4,1.47,1.7,2,0.26,1.8,0.89,1.449137674618944,1.6431676725154984
3.3,-0.28,4,3,-1.01,3.3,4,0.75,3.1,-1.48,1.8708286933869707,1.3038404810405297
5.9,0.4,5.8,4,-1.79,5.4,7,1.56,5.4,0.62,2.345207879911715,2.449489742783178
4.7,-0.32,5.3,6,0.66,4.8,4,-0.83,4.8,-0.76,2.23606797749979,2
6,0.77,5.6,6,0.43,5.1,7,1.87,5.1,0.93,2.280350850198276,2.449489742783178
4.9,0.41,4.9,4,-0.89,4.3,4,-0.31,4.2,0.79,2.1213203435596424,2.23606797749979
3.1,-1.63,5.1,4,-1.13,4.6,3,-1.58,4.5,-3.49,2.16794833886788,1
4.9,-0.33,5.6,6,0.43,5.1,5,-0.14,5.1,-0.73,2.280350850198276,2.073644135332772
5,-1.06,6.2,6,-0.23,6.1,5,-1.13,6,-1.37,2.4698178070456938,2.16794833886788
0.8,-3.7,5.8,2,-3.8,5.4,1,-4.44,5.4,-5.38,2.345207879911715,0
3.8,-1.22,5.3,4,-1.34,4.8,4,-0.83,4.8,-1.43,2.23606797749979,1.816590212458495
5.7,0.92,5.1,5,-0.13,4.6,6,1.42,4.5,0.51,2.16794833886788,2.23606797749979
5.9,-0.86,6.8,6,-0.8,6.9,5,-1.91,6.8,-1.17,2.6076809620810595,2.3874672772626644
2.1,-1.48,4,2,-2.01,3.3,2,-1.25,3.1,-2.82,1.8708286933869707,0.5477225575051661
6.2,1.23,5.3,6,0.66,4.8,6,1.16,4.8,0.9,2.23606797749979,2.3874672772626644
4,-0.97,5.3,5,-0.34,4.8,4,-0.83,4.8,-1.76,2.23606797749979,1.7320508075688772
3.1,0.1,3.5,4,0.52,2.6,3,0.37,2.6,-0.93,1.7320508075688772,1.3038404810405297
4.7,-0.08,5.1,3,-2.13,4.6,6,1.42,4.5,0.51,2.16794833886788,2.23606797749979
3.7,0.46,3.7,3,-0.73,2.9,4,1.09,2.8,0.82,1.7888543819998317,1.9235384061671346
1,-2,3.5,3,-0.48,2.6,1,-1.63,2.6,-2.6,1.7320508075688772,0
2.8,-0.13,3.4,2,-1.38,2.5,2,-0.47,2.5,-0.15,1.70293863659264,1.51657508881031
3.9,-0.83,5.1,5,-0.13,4.6,4,-0.57,4.5,-1.16,2.16794833886788,1.816590212458495
2.6,0.03,3,3,-0.05,2.2,4,1.82,2.2,-1.86,1.61245154965971,0.5477225575051661
3.3,-0.62,4.3,3,-1.33,3.6,3,-0.64,3.5,-1.85,1.9748417658131499,1.3038404810405297
4.6,-1.21,6,5,-1,5.8,3,-2.77,5.7,-1.36,2.4083189157584592,2.073644135332772
3.2,-1.13,4.7,5,0.29,4.1,2,-2.08,4,-2.97,2.073644135332772,1
7,0.24,6.8,8,1.21,6.9,6,-0.92,6.8,0.16,2.6076809620810595,2.6457513110645907
3.2,-1.08,4.7,4,-0.71,4.1,2,-2.08,4,-1.63,2.073644135332772,1.51657508881031
3.5,-0.37,4.3,3,-1.33,3.6,3,-0.64,3.5,-0.52,1.9748417658131499,1.7320508075688772
4.5,-1.56,6.2,5,-1.24,6.1,5,-1.13,6,-2.04,2.4698178070456938,2
6.1,1.77,4.7,6,1.29,4.1,5,0.92,4,1.7,2.073644135332772,2.3874672772626644
7.4,2.62,5.1,8,2.88,4.6,7,2.42,4.5,2.84,2.16794833886788,2.701851217221259
4.5,-0.78,5.6,4,-1.58,5.1,6,0.87,5.1,-1.07,2.280350850198276,2
2.6,-0.93,4,2,-2.01,3.3,4,0.75,3.1,-2.48,1.8708286933869707,0.8366600265340756
4.2,0.51,4.2,6,1.84,3.4,3,-0.44,3.3,0.69,1.9235384061671346,2
7,1.5,5.8,7,1.21,5.4,7,1.56,5.4,2.28,2.345207879911715,2.7748873851023217
4.8,-0.96,6,5,-1,5.8,5,-0.76,5.7,-2.36,2.4083189157584592,1.816590212458495
3.8,0.92,3.4,5,1.62,2.5,3,0.52,2.5,1.19,1.70293863659264,1.9235384061671346
5,-1.11,6.2,3,-3.23,6.1,6,-0.13,6,-1.04,2.4698178070456938,2.23606797749979
6.1,1.61,4.9,7,2.11,4.3,5,0.69,4.2,1.45,2.1213203435596424,2.3874672772626644
1.4,-1.85,3.7,2,-1.73,2.9,2,-0.91,2.8,-2.51,1.7888543819998317,0.5477225575051661
4.2,0.11,4.5,5,0.47,3.9,3,-0.89,3.8,-0.09,2.0248456731316584,1.9235384061671346
2.9,-1,4.3,4,-0.33,3.6,3,-0.64,3.5,-1.18,1.9748417658131499,1.51657508881031
5.8,0.25,5.8,5,-0.8,5.4,7,1.56,5.4,-0.05,2.345207879911715,2.3021728866442674
4,0.13,4.3,4,-0.33,3.6,4,0.36,3.5,-0.18,1.9748417658131499,1.816590212458495
3.3,0.25,3.5,4,0.52,2.6,2,-0.63,2.6,0.07,1.7320508075688772,1.6431676725154984
3.4,0.22,3.6,2,-1.62,2.8,3,0.22,2.7,0.92,1.760681686165901,1.9235384061671346
5.1,-1.01,6.2,5,-1.24,6.1,5,-1.13,6,-0.7,2.4698178070456938,2.3021728866442674
5.8,0.57,5.6,5,-0.57,5.1,6,0.87,5.1,0.93,2.280350850198276,2.449489742783178
4.5,1.08,3.9,5,1.14,3.1,3,-0.06,3,0.7,1.8439088914585775,1.9235384061671346
3.8,1.09,3.2,5,1.84,2.3,3,0.7,2.3,1.01,1.6431676725154984,1.816590212458495
4.6,0.27,4.7,4,-0.71,4.1,5,0.92,4,-0.3,2.073644135332772,1.9235384061671346
1.7,-2.17,4.3,2,-2.33,3.6,2,-1.64,3.5,-3.18,1.9748417658131499,0.5477225575051661
3.5,-0.78,4.7,4,-0.71,4.1,3,-1.08,4,-0.97,2.073644135332772,1.7320508075688772
8.5,1.69,6.8,9,2.2,6.9,8,1.09,6.8,2.16,2.6076809620810595,3
3.3,0.12,3.6,3,-0.62,2.8,3,0.22,2.7,-0.08,1.760681686165901,1.6431676725154984
2.7,-1.58,4.7,3,-1.71,4.1,3,-1.08,4,-2.3,2.073644135332772,1.3038404810405297
2.7,-0.48,3.6,3,-0.62,2.8,3,0.22,2.7,-2.41,1.760681686165901,0.5477225575051661
4.8,-0.17,5.3,6,0.66,4.8,4,-0.83,4.8,-0.43,2.23606797749979,2.073644135332772
2.3,-1.07,3.9,2,-1.86,3.1,3,-0.06,3,-2.3,1.8439088914585775,0.8366600265340756
4.5,-0.73,5.6,3,-2.58,5.1,4,-1.13,5.1,0.27,2.280350850198276,2.3021728866442674
3.8,-1.96,6,4,-2.01,5.8,5,-0.76,5.7,-2.02,2.4083189157584592,1.9235384061671346
1.6,-1.28,3.4,1,-2.38,2.5,3,0.52,2.5,-1.48,1.70293863659264,1
5.3,1.77,4,5,0.99,3.3,7,3.75,3.1,1.52,1.8708286933869707,2.16794833886788
3.3,-0.98,4.7,4,-0.71,4.1,3,-1.08,4,-1.3,2.073644135332772,1.6431676725154984
3,-1.14,4.5,5,0.47,3.9,2,-1.89,3.8,-3.09,2.0248456731316584,0.8366600265340756
5.3,1.02,4.7,5,0.29,4.1,6,1.92,4,1.37,2.073644135332772,2.3021728866442674
2.7,-2.32,5.3,3,-2.34,4.8,3,-1.84,4.8,-4.1,2.23606797749979,0.8366600265340756
0,-3.64,5.1,0,-5.13,4.6,0,-4.57,4.5,-4.49,2.16794833886788,0
4.4,-1.71,6.2,4,-2.23,6.1,4,-2.13,6,-2.37,2.4698178070456938,1.9235384061671346
5.5,0.48,5.3,6,0.66,4.8,5,0.17,4.8,0.24,2.23606797749979,2.23606797749979
4.7,0.96,4.2,3,-1.16,3.4,4,0.56,3.3,2.36,1.9235384061671346,2.3874672772626644
4.4,0.87,4,4,-0.01,3.3,4,0.75,3.1,1.18,1.8708286933869707,2.073644135332772
4.6,-0.18,5.1,4,-1.13,4.6,5,0.43,4.5,-0.16,2.16794833886788,2.073644135332772
3.8,-2.26,6.2,3,-3.23,6.1,4,-2.13,6,-2.04,2.4698178070456938,2
4.4,0.12,4.7,4,-0.71,4.1,5,0.92,4,-0.3,2.073644135332772,1.9235384061671346
5,2.12,3.4,4,0.62,2.5,5,2.53,2.5,3.02,1.70293863659264,2.345207879911715
1.7,-0.78,2.9,2,-0.93,2.1,1,-1.09,2.1,-1.11,1.5811388300841898,1
4.1,-1.18,5.6,4,-1.58,5.1,5,-0.14,5.1,-1.73,2.280350850198276,1.816590212458495
3.9,-0.88,5.1,5,-0.13,4.6,3,-1.58,4.5,-1.82,2.16794833886788,1.6431676725154984
3.9,0.16,4.2,5,0.83,3.4,3,-0.44,3.3,0.02,1.9235384061671346,1.816590212458495
4,-0.28,4.7,4,-0.71,4.1,4,-0.08,4,0.03,2.073644135332772,2
2.4,-1.47,4.3,3,-1.33,3.6,2,-1.64,3.5,-1.52,1.9748417658131499,1.4142135623730951
2.9,-1.19,4.5,4,-0.53,3.9,2,-1.89,3.8,-3.09,2.0248456731316584,0.8366600265340756
0.5,-3.66,4.9,2,-2.89,4.3,0,-4.32,4.2,-4.21,2.1213203435596424,0
4.8,-1.64,6.5,6,-0.49,6.5,4,-2.52,6.4,-2.41,2.5298221281347035,2
3.2,-0.67,4.3,5,0.67,3.6,3,-0.64,3.5,-2.85,1.9748417658131499,0.8366600265340756
3.6,0.42,3.6,5,1.38,2.8,2,-0.77,2.7,-0.08,1.760681686165901,1.6431676725154984
1.5,-3.52,5.3,1,-4.34,4.8,0,-4.84,4.8,-3.76,2.23606797749979,1
2.3,-2.19,4.9,3,-1.89,4.3,3,-1.32,4.2,-3.88,2.1213203435596424,0.5477225575051661
3.3,-1.67,5.3,3,-2.34,4.8,4,-0.83,4.8,-4.43,2.23606797749979,0.5477225575051661
3.6,1.22,2.8,2,-0.85,1.9,4,2.07,2,0.98,1.5491933384829668,1.7320508075688772
4.6,1.81,3.3,4,0.7,2.4,4,1.61,2.4,3.44,1.6733200530681511,2.4083189157584592
1.8,-0.5,2.7,2,-0.71,1.8,1,-0.83,1.9,-0.57,1.51657508881031,1.140175425099138
0.4,-3.02,3.9,0,-3.86,3.1,0,-3.06,3,-2.97,1.8439088914585775,0
3.4,0.41,3.5,5,1.52,2.6,3,0.37,2.6,-1.6,1.7320508075688772,1
0.3,-3.53,6.8,0,-6.8,6.9,1,-5.91,6.8,-6.5,2.6076809620810595,0.5477225575051661
2.1,-1.59,4.2,3,-1.16,3.4,2,-1.43,3.3,-2.98,1.9235384061671346,0.5477225575051661
4.4,-1.1,5.8,5,-0.8,5.4,4,-1.44,5.4,-1.72,2.345207879911715,1.9235384061671346
3.7,-0.39,4.5,4,-0.53,3.9,4,0.1,3.8,-3.09,2.0248456731316584,0.8366600265340756
5,1.08,4.3,6,1.67,3.6,4,0.36,3.5,0.82,1.9748417658131499,2.073644135332772
3.1,-1.18,4.7,3,-1.71,4.1,3,-1.08,4,-0.97,2.073644135332772,1.7320508075688772
5.2,-0.3,5.8,6,0.2,5.4,4,-1.44,5.4,-0.05,2.345207879911715,2.3021728866442674
1.7,-3.03,5.1,4,-1.13,4.6,3,-1.58,4.5,-3.49,2.16794833886788,1
3.6,-0.09,4.2,5,0.83,3.4,3,-0.44,3.3,-0.98,1.9235384061671346,1.51657508881031
